,Unnamed: 0.4,Unnamed: 0.3,Unnamed: 0.2,Unnamed: 0.1,Unnamed: 0,full_link,image_link,id,local_path,created_utc
0,0.0,0.0,0.0,0.0,0.0,https://www.reddit.com/r/chinchilla/comments/wsw65m/hi_d/,https://i.redd.it/k8lbrpo67si91.jpg,wsw65m,data/chinchillas/images/k8lbrpo67si91.jpg,1660963328
1,1.0,1.0,1.0,1.0,2.0,https://www.reddit.com/r/chinchilla/comments/wjidtf/baby/,https://i.redd.it/kmk3qjwpnjg91.jpg,wjidtf,data/chinchillas/images/kmk3qjwpnjg91.jpg,1659988359
2,2.0,2.0,2.0,2.0,5.0,https://www.reddit.com/r/chinchilla/comments/wam6kr/any_idea_what_is_wrong_with_my_chinchillas_eye/,https://i.redd.it/fs7h2bj9pde91.jpg,wam6kr,data/chinchillas/images/fs7h2bj9pde91.jpg,1659044402
3,3.0,3.0,3.0,3.0,7.0,https://www.reddit.com/r/chinchilla/comments/w2ykxq/look_at_those_whiskers_what_a_stunner/,https://i.redd.it/7hxxcdd6akc91.jpg,w2ykxq,data/chinchillas/images/7hxxcdd6akc91.jpg,1658252380
4,4.0,4.0,4.0,4.0,10.0,https://www.reddit.com/r/chinchilla/comments/vv92r4/mini_world/,https://i.redd.it/tnn9wpvffla91.jpg,vv92r4,data/chinchillas/images/nn9wpvffla91.jpg,1657394704
5,5.0,5.0,5.0,5.0,11.0,https://www.reddit.com/r/chinchilla/comments/vjuxp5/babyyy/,https://i.redd.it/x4u0eccn2m791.jpg,vjuxp5,data/chinchillas/images/x4u0eccn2m791.jpg,1656094962
6,6.0,6.0,6.0,6.0,13.0,https://www.reddit.com/r/chinchilla/comments/uumylt/she_doesnt_like_to_be_held_but_will_come_up_on/,https://i.redd.it/dzv7i0fsxt091.jpg,uumylt,data/chinchillas/images/zv7i0fsxt091.jpg,1653139105
7,7.0,7.0,7.0,7.0,14.0,https://www.reddit.com/r/chinchilla/comments/u5xl2o/my_little_floof/,https://i.redd.it/h44bfnz0y5u81.jpg,u5xl2o,data/chinchillas/images/44bfnz0y5u81.jpg,1650233534
8,8.0,8.0,8.0,8.0,16.0,https://www.reddit.com/r/chinchilla/comments/tgfo7e/my_chinchilla_sybil_9_has_a_sore_looking_eye_info/,https://i.redd.it/s84tilcuczn81.jpg,tgfo7e,data/chinchillas/images/84tilcuczn81.jpg,1647538678
9,9.0,9.0,9.0,9.0,18.0,https://www.reddit.com/r/chinchilla/comments/t0rqw2/bringing_this_beautiful_angel_home_tomorrow_and/,https://i.redd.it/g4x94lhjyvj81.jpg,t0rqw2,data/chinchillas/images/g4x94lhjyvj81.jpg,1645754156
10,10.0,10.0,10.0,10.0,20.0,https://www.reddit.com/r/chinchilla/comments/skpt7w/professor_sesame_has_recently_been_sleeping_with/,https://i.redd.it/4g46etfm3wf81.jpg,skpt7w,data/chinchillas/images/4g46etfm3wf81.jpg,1644012474
11,11.0,11.0,11.0,11.0,22.0,https://www.reddit.com/r/chinchilla/comments/sewocb/boop/,https://i.redd.it/7161yycgxge81.jpg,sewocb,data/chinchillas/images/7161yycgxge81.jpg,1643392949
12,12.0,12.0,12.0,12.0,28.0,https://www.reddit.com/r/chinchilla/comments/rcyawa/cuddle_time/,https://i.redd.it/7x5rweojqm481.jpg,rcyawa,data/chinchillas/images/7x5rweojqm481.jpg,1639104784
13,13.0,13.0,13.0,13.0,29.0,https://www.reddit.com/r/chinchilla/comments/ra9e4k/my_3_sleepy_girls_blossom_bubbles_and_buttercup/,https://i.redd.it/quxg66vaux381.jpg,ra9e4k,data/chinchillas/images/quxg66vaux381.jpg,1638803375
14,14.0,14.0,14.0,14.0,31.0,https://www.reddit.com/r/chinchilla/comments/r5wbmb/wynonna_has_really_helped_pull_me_out_of/,https://i.redd.it/4aa4x5uljs281.jpg,r5wbmb,data/chinchillas/images/4aa4x5uljs281.jpg,1638303407
15,15.0,15.0,15.0,15.0,33.0,https://www.reddit.com/r/chinchilla/comments/qtw4co/my_chins_are_still_too_different_of_size_to/,https://i.redd.it/3py9mocjulz71.jpg,qtw4co,data/chinchillas/images/3py9mocjulz71.jpg,1636914779
16,16.0,16.0,16.0,16.0,35.0,https://www.reddit.com/r/chinchilla/comments/q6bqhl/mobius_the_rescued_chinchilla/,https://i.redd.it/i15cvl5yhxs71.jpg,q6bqhl,data/chinchillas/images/15cvl5yhxs71.jpg,1634004895
17,17.0,17.0,17.0,17.0,37.0,https://www.reddit.com/r/chinchilla/comments/pwssny/one_of_my_favorite_pictures_of_my_male_his_name/,https://i.redd.it/tpxuz8f1m4q71.jpg,pwssny,data/chinchillas/images/xuz8f1m4q71.jpg,1632783473
18,18.0,18.0,18.0,18.0,38.0,https://www.reddit.com/r/chinchilla/comments/pn6f1s/this_old_lady_is_cedar/,https://i.redd.it/1jlbdouhk6n71.jpg,pn6f1s,data/chinchillas/images/1jlbdouhk6n71.jpg,1631499623
19,19.0,19.0,19.0,19.0,39.0,https://www.reddit.com/r/chinchilla/comments/plq6hx/troublemaker_caught/,https://i.redd.it/nwab9bcsspm71.jpg,plq6hx,data/chinchillas/images/nwab9bcsspm71.jpg,1631296738
20,20.0,20.0,20.0,20.0,40.0,https://www.reddit.com/r/chinchilla/comments/pgwb2u/big_chungus/,https://i.redd.it/dmej27bfa7l71.jpg,pgwb2u,data/chinchillas/images/mej27bfa7l71.jpg,1630636645
21,21.0,21.0,21.0,21.0,41.0,https://www.reddit.com/r/chinchilla/comments/pdmtmw/i_love_my_boi/,https://i.redd.it/pao5w8kph7k71.jpg,pdmtmw,data/chinchillas/images/ao5w8kph7k71.jpg,1630203248
22,22.0,22.0,22.0,22.0,42.0,https://www.reddit.com/r/chinchilla/comments/p5srwc/hes_always_judging_me/,https://i.redd.it/a4rw01urath71.jpg,p5srwc,data/chinchillas/images/a4rw01urath71.jpg,1629159722
23,23.0,23.0,23.0,23.0,43.0,https://www.reddit.com/r/chinchilla/comments/oywkgn/baby_fern_3/,https://i.redd.it/ac2ppa9z3nf71.jpg,oywkgn,data/chinchillas/images/ac2ppa9z3nf71.jpg,1628213100
24,24.0,24.0,24.0,24.0,45.0,https://www.reddit.com/r/chinchilla/comments/otqgob/i_love_how_snowbelle_holds_her_food/,https://i.redd.it/oewcq2crx2e71.jpg,otqgob,data/chinchillas/images/oewcq2crx2e71.jpg,1627533022
25,25.0,25.0,25.0,25.0,46.0,https://www.reddit.com/r/chinchilla/comments/otosbh/i_balance_well_i_will_definitely_make_it_to_the/,https://i.redd.it/odv3otmmd2e71.jpg,otosbh,data/chinchillas/images/odv3otmmd2e71.jpg,1627526255
26,26.0,26.0,26.0,26.0,47.0,https://www.reddit.com/r/chinchilla/comments/okxuen/please_send_good_vibes_and_love_to_dante_17_hes/,https://i.redd.it/dxevtaq2yeb71.jpg,okxuen,data/chinchillas/images/xevtaq2yeb71.jpg,1626370872
27,27.0,27.0,27.0,27.0,,https://www.reddit.com/r/chinchilla/comments/nldpu4/the_face_of_pure_bewilderment/,https://i.redd.it/fd8r2h9wzf171.jpg,nldpu4,data/chinchillas/images/fd8r2h9wzf171.jpg,1622025107
28,28.0,28.0,28.0,30.0,,https://www.reddit.com/r/chinchilla/comments/n750mn/fluffy_potato/,https://i.redd.it/7b0le4p0pqx61.jpg,n750mn,data/chinchillas/images/7b0le4p0pqx61.jpg,1620411237
29,29.0,29.0,29.0,31.0,,https://www.reddit.com/r/chinchilla/comments/myjbmc/motherhood/,https://i.redd.it/mpc468yrbev61.jpg,myjbmc,data/chinchillas/images/mpc468yrbev61.jpg,1619389799
30,30.0,30.0,30.0,39.0,,https://www.reddit.com/r/chinchilla/comments/liegwd/chins_have_new_chew_safe_shelves_and_they_love/,https://i.redd.it/usx5gzqto2h61.jpg,liegwd,data/chinchillas/images/usx5gzqto2h61.jpg,1613147035
31,31.0,31.0,31.0,41.0,,https://www.reddit.com/r/chinchilla/comments/l88zv9/this_is_my_little_baby_her_name_is_andromeda_shes/,https://i.redd.it/mqyt6tlo5de61.jpg,l88zv9,data/chinchillas/images/mqyt6tlo5de61.jpg,1611966228
32,32.0,32.0,32.0,42.0,,https://www.reddit.com/r/chinchilla/comments/l6z43r/melting_chinny_he_is_alive_dont_worry/,https://i.redd.it/sqrrik6q93e61.jpg,l6z43r,data/chinchillas/images/qrrik6q93e61.jpg,1611846517
33,33.0,33.0,33.0,44.0,,https://www.reddit.com/r/chinchilla/comments/kt85yt/little_puff_yumi/,https://i.redd.it/7wzy0toqg5a61.jpg,kt85yt,data/chinchillas/images/7wzy0toqg5a61.jpg,1610129697
34,34.0,34.0,34.0,45.0,,https://www.reddit.com/r/chinchilla/comments/kmvx5z/had_to_say_goodbye_to_my_little_guy_after_11/,https://i.redd.it/c5qcd1yof9861.jpg,kmvx5z,data/chinchillas/images/c5qcd1yof9861.jpg,1609306090
35,35.0,35.0,35.0,49.0,,https://www.reddit.com/r/chinchilla/comments/k1gs8t/my_chinchilla_really_said_did_you_hear_that/,https://i.redd.it/0klnjapgol161.jpg,k1gs8t,data/chinchillas/images/0klnjapgol161.jpg,1606403372
36,36.0,36.0,36.0,51.0,,https://www.reddit.com/r/chinchilla/comments/jq2r7u/this_is_charlie_i_adopted_her_when_she_was_4/,https://i.redd.it/hovavtjo4xx51.jpg,jq2r7u,data/chinchillas/images/ovavtjo4xx51.jpg,1604798610
37,37.0,37.0,37.0,53.0,,https://www.reddit.com/r/chinchilla/comments/jjdnlz/stretching_out_on_some_freshly_washed_fleece/,https://i.redd.it/bg65vo02dqv51.jpg,jjdnlz,data/chinchillas/images/bg65vo02dqv51.jpg,1603844982
38,38.0,38.0,38.0,55.0,,https://www.reddit.com/r/chinchilla/comments/j2n4dl/how_you_should_chill_after_a_long_day/,https://i.redd.it/rve4dn1voaq51.jpg,j2n4dl,data/chinchillas/images/ve4dn1voaq51.jpg,1601476003
39,39.0,39.0,39.0,57.0,,https://www.reddit.com/r/chinchilla/comments/iusaol/backpack_is_the_comfiest_place_to_chillax/,https://i.redd.it/vlogz54xurn51.jpg,iusaol,data/chinchillas/images/vlogz54xurn51.jpg,1600376381
40,40.0,40.0,40.0,59.0,,https://www.reddit.com/r/chinchilla/comments/io9cwi/helo/,https://i.redd.it/rpnz4uyttql51.jpg,io9cwi,data/chinchillas/images/nz4uyttql51.jpg,1599492144
41,41.0,41.0,41.0,60.0,,https://www.reddit.com/r/chinchilla/comments/im0516/this_is_how_teemo_sleeps_under_the_castle/,https://i.redd.it/42hbk7plgzk51.jpg,im0516,data/chinchillas/images/42hbk7plgzk51.jpg,1599160809
42,42.0,42.0,42.0,65.0,,https://www.reddit.com/r/chinchilla/comments/i77dr6/little_cuttie/,https://i.redd.it/2s6tzkdj57g51.jpg,i77dr6,data/chinchillas/images/2s6tzkdj57g51.jpg,1597074702
43,43.0,43.0,43.0,66.0,,https://www.reddit.com/r/chinchilla/comments/i4d5y2/my_big_baby_letting_me_give_her_treatos/,https://i.redd.it/oujno7zcu8f51.jpg,i4d5y2,data/chinchillas/images/oujno7zcu8f51.jpg,1596659309
44,44.0,44.0,44.0,67.0,,https://www.reddit.com/r/chinchilla/comments/i3inxw/such_a_sweet_boy_relaxing/,https://i.redd.it/52kata6weze51.jpg,i3inxw,data/chinchillas/images/52kata6weze51.jpg,1596545148
45,45.0,45.0,45.0,68.0,,https://www.reddit.com/r/chinchilla/comments/i074ic/hello_world_its_darcythechinchilla/,https://i.redd.it/zsh7v6r2nud51.jpg,i074ic,data/chinchillas/images/zsh7v6r2nud51.jpg,1596051517
46,46.0,46.0,46.0,69.0,,https://www.reddit.com/r/chinchilla/comments/hycez8/dracula_wanted_to_wish_the_doggo_next_door_a/,https://i.redd.it/zp3mnvic09d51.jpg,hycez8,data/chinchillas/images/zp3mnvic09d51.jpg,1595789629
47,47.0,47.0,47.0,72.0,,https://www.reddit.com/r/chinchilla/comments/hn038i/my_smudge_is_his_canoe_hes_a_proud_canadian/,https://i.redd.it/1nqb4l29ah951.jpg,hn038i,data/chinchillas/images/1nqb4l29ah951.jpg,1594146421
48,48.0,48.0,48.0,73.0,,https://www.reddit.com/r/chinchilla/comments/hhx6ta/pumpkins_not_happy_about_me_giving_him_meds/,https://i.redd.it/1hqczbdhpt751.jpg,hhx6ta,data/chinchillas/images/1hqczbdhpt751.jpg,1593425129
49,49.0,49.0,49.0,74.0,,https://www.reddit.com/r/chinchilla/comments/hhntxd/hey_yall_my_chin_is_going_back_to_the_same_exact/,https://i.redd.it/b2yefkhn8q751.jpg,hhntxd,data/chinchillas/images/b2yefkhn8q751.jpg,1593383148
50,50.0,50.0,50.0,75.0,,https://www.reddit.com/r/chinchilla/comments/hd9qak/my_white_chinchilla_has_greasy_fur_and_im_just/,https://i.redd.it/fc18k9v9ia651.jpg,hd9qak,data/chinchillas/images/fc18k9v9ia651.jpg,1592756829
51,51.0,51.0,51.0,76.0,,https://www.reddit.com/r/chinchilla/comments/hcw30p/our_two_girls_being_put_to_bed/,https://i.redd.it/p4lgitulf5651.jpg,hcw30p,data/chinchillas/images/4lgitulf5651.jpg,1592695395
52,52.0,52.0,52.0,77.0,,https://www.reddit.com/r/chinchilla/comments/hb5f3q/finally_got_lt_dan_to_stay_still_for_a_pic_he_is/,https://i.redd.it/pj9xaz2ysk551.jpg,hb5f3q,data/chinchillas/images/j9xaz2ysk551.jpg,1592445642
53,53.0,53.0,54.0,,,https://www.reddit.com/r/chinchilla/comments/h9thlw/wink_wink/,https://i.redd.it/kycjyctzb6551.jpg,h9thlw,data/chinchillas/images/kycjyctzb6551.jpg,1592270438
54,54.0,54.0,57.0,,,https://www.reddit.com/r/chinchilla/comments/gx6tbv/how_did_i_get_in_here/,https://i.redd.it/6h49p9gf24351.jpg,gx6tbv,data/chinchillas/images/6h49p9gf24351.jpg,1591371311
55,55.0,55.0,58.0,,,https://www.reddit.com/r/chinchilla/comments/gvsaug/my_chinchilla_being_adorable/,https://i.redd.it/q3j6qp9clo251.jpg,gvsaug,data/chinchillas/images/q3j6qp9clo251.jpg,1591183963
56,56.0,56.0,59.0,,,https://www.reddit.com/r/chinchilla/comments/gscurv/yummy_water/,https://i.redd.it/52jqq5k24k151.jpg,gscurv,data/chinchillas/images/52jqq5k24k151.jpg,1590693878
57,57.0,57.0,60.0,,,https://www.reddit.com/r/chinchilla/comments/gpw0lk/helena_and_cordelia_sleep_like_this_every_night/,https://i.redd.it/x1z5p696or051.jpg,gpw0lk,data/chinchillas/images/x1z5p696or051.jpg,1590349538
58,58.0,58.0,61.0,,,https://www.reddit.com/r/chinchilla/comments/gp25tt/little_boy/,https://i.redd.it/ugitl64zih051.jpg,gp25tt,data/chinchillas/images/ugitl64zih051.jpg,1590226722
59,59.0,59.0,62.0,,,https://www.reddit.com/r/chinchilla/comments/gnt099/sweetie_black_ebony_male/,https://i.redd.it/1lc01zozw2051.jpg,gnt099,data/chinchillas/images/1lc01zozw2051.jpg,1590049832
60,60.0,60.0,64.0,,,https://www.reddit.com/r/chinchilla/comments/gneb11/advice_my_chin_had_patches_of_fur_that_were_loose/,https://i.redd.it/aax9zzm33yz41.jpg,gneb11,data/chinchillas/images/aax9zzm33yz41.jpg,1589991352
61,61.0,61.0,65.0,,,https://www.reddit.com/r/chinchilla/comments/gjevmm/chilli_is_tired/,https://i.redd.it/y1tht85fmny41.jpg,gjevmm,data/chinchillas/images/y1tht85fmny41.jpg,1589428826
62,62.0,62.0,66.0,,,https://www.reddit.com/r/chinchilla/comments/gfxqys/jeffrey_prefers_the_hood_over_his_hammock/,https://i.redd.it/ag89i6iwvkx41.jpg,gfxqys,data/chinchillas/images/ag89i6iwvkx41.jpg,1588959845
63,63.0,63.0,67.0,,,https://www.reddit.com/r/chinchilla/comments/gdtdqc/this_will_bless_my_camera_roll/,https://i.redd.it/bmj4nalwhww41.jpg,gdtdqc,data/chinchillas/images/bmj4nalwhww41.jpg,1588664574
64,64.0,64.0,68.0,,,https://www.reddit.com/r/chinchilla/comments/g69sm8/look_at_those_little_paws_sorry_i_am_not_yelling/,https://i.redd.it/dd4vwqjwsfu41.jpg,g69sm8,data/chinchillas/images/4vwqjwsfu41.jpg,1587590758
65,65.0,65.0,70.0,,,https://www.reddit.com/r/chinchilla/comments/g4ytwp/wanker_the_new_rpa_we_have_to_work_with/,https://i.redd.it/08ct9jdtr0u41.jpg,g4ytwp,data/chinchillas/images/08ct9jdtr0u41.jpg,1587408806
66,66.0,66.0,71.0,,,https://www.reddit.com/r/chinchilla/comments/g4yh8k/how_do_i_move_states_best_with_my_chinchilla_this/,https://i.redd.it/n6l8nsako0u41.jpg,g4yh8k,data/chinchillas/images/n6l8nsako0u41.jpg,1587407697
67,67.0,67.0,72.0,,,https://www.reddit.com/r/chinchilla/comments/g3weq3/will_i_ever_get_over_the_way_blizzard_was_laying/,https://i.redd.it/nmi4qxedknt41.jpg,g3weq3,data/chinchillas/images/nmi4qxedknt41.jpg,1587248897
68,68.0,68.0,74.0,,,https://www.reddit.com/r/chinchilla/comments/g2g9fn/old_picture_of_my_chinchilla_cooper/,https://i.redd.it/hukr79byz6t41.jpg,g2g9fn,data/chinchillas/images/ukr79byz6t41.jpg,1587048425
69,69.0,69.0,76.0,,,https://www.reddit.com/r/chinchilla/comments/fzpluo/is_there_a_way_to_stop_fleece_chewing/,https://i.redd.it/auwdc22p8bs41.jpg,fzpluo,data/chinchillas/images/auwdc22p8bs41.jpg,1586663844
70,70.0,70.0,77.0,,,https://www.reddit.com/r/chinchilla/comments/fx1wa2/happy_1st_birthday_morgana/,https://i.redd.it/it6ndlb6pjr41.jpg,fx1wa2,data/chinchillas/images/6ndlb6pjr41.jpg,1586330388
71,71.0,71.0,78.0,,,https://www.reddit.com/r/chinchilla/comments/fwwyny/chinchilla_available_trafalgar_indiana_we_also/,https://i.redd.it/zqbq6p0swhr41.jpg,fwwyny,data/chinchillas/images/zqbq6p0swhr41.jpg,1586308732
72,72.0,72.0,79.0,,,https://www.reddit.com/r/chinchilla/comments/fw2amu/this_is_how_our_old_boy_used_to_sleep_on_his_back/,https://i.redd.it/6k9883mp98r41.jpg,fw2amu,data/chinchillas/images/6k9883mp98r41.jpg,1586192107
73,73.0,73.0,80.0,,,https://www.reddit.com/r/chinchilla/comments/fv300j/she_loves_her_new_chinbuddy_even_if_it_is_nearly/,https://i.redd.it/kumhyid1rvq41.jpg,fv300j,data/chinchillas/images/kumhyid1rvq41.jpg,1586040459
74,74.0,74.0,81.0,,,https://www.reddit.com/r/chinchilla/comments/fpme11/justa_smiling_over_here_from_ear_to_ear/,https://i.redd.it/okjyacvts3p41.jpg,fpme11,data/chinchillas/images/okjyacvts3p41.jpg,1585266212
75,75.0,75.0,83.0,,,https://www.reddit.com/r/chinchilla/comments/fp3a0x/greetings_from_frasier/,https://i.redd.it/pzyywa88exo41.jpg,fp3a0x,data/chinchillas/images/zyywa88exo41.jpg,1585188659
76,76.0,76.0,84.0,,,https://www.reddit.com/r/chinchilla/comments/fme382/new_chin_owner_i_finally_was_able_to_find_one/,https://i.redd.it/plm01wgjp0o41.jpg,fme382,data/chinchillas/images/lm01wgjp0o41.jpg,1584792935
77,77.0,77.0,86.0,,,https://www.reddit.com/r/chinchilla/comments/fbbj2l/little_standard_female/,https://i.redd.it/cxjj4gyvquj41.jpg,fbbj2l,data/chinchillas/images/cxjj4gyvquj41.jpg,1582977361
78,78.0,78.0,89.0,,,https://www.reddit.com/r/chinchilla/comments/f7uxcx/not_the_best_of_quality_but_this_little_booger/,https://i.redd.it/h4shtej47ii41.jpg,f7uxcx,data/chinchillas/images/4shtej47ii41.jpg,1582389579
79,79.0,79.0,91.0,,,https://www.reddit.com/r/chinchilla/comments/f3nw57/my_little_chin_chin/,https://i.redd.it/er4vd2ytxtg41.jpg,f3nw57,data/chinchillas/images/4vd2ytxtg41.jpg,1581660042
80,80.0,80.0,92.0,,,https://www.reddit.com/r/chinchilla/comments/ezp4gj/why_hello_there_bandit/,https://i.redd.it/cnpc8p8of9f41.jpg,ezp4gj,data/chinchillas/images/cnpc8p8of9f41.jpg,1580975951
81,81.0,81.0,93.0,,,https://www.reddit.com/r/chinchilla/comments/eurji3/spare_some_oats_maam/,https://i.redd.it/9h76ffa51dd41.jpg,eurji3,data/chinchillas/images/9h76ffa51dd41.jpg,1580147795
82,82.0,82.0,94.0,,,https://www.reddit.com/r/chinchilla/comments/ernvlq/tov_homo_beige/,https://i.redd.it/lo4g7fesj1c41.jpg,ernvlq,data/chinchillas/images/lo4g7fesj1c41.jpg,1579572933
83,83.0,83.0,98.0,,,https://www.reddit.com/r/chinchilla/comments/egxn54/begging_hardcore_empanada_says_hi_i_couldnt_get/,https://i.redd.it/zc3ef973fg741.jpg,egxn54,data/chinchillas/images/zc3ef973fg741.jpg,1577573716
84,84.0,84.0,99.0,,,https://www.reddit.com/r/chinchilla/comments/efyo6s/smooches_from_my_chin_sorry_for_the_bad_quality/,https://i.redd.it/loon16wpp0741.jpg,efyo6s,data/chinchillas/images/loon16wpp0741.jpg,1577383599
85,85.0,85.0,100.0,,,https://www.reddit.com/r/chinchilla/comments/e8xlxv/my_baby_is_fat_and_fabulous/,https://i.redd.it/loumg91kqv341.jpg,e8xlxv,data/chinchillas/images/loumg91kqv341.jpg,1576015782
86,86.0,86.0,101.0,,,https://www.reddit.com/r/chinchilla/comments/e3qi4k/chinchillas_fur_stickymatted_on_one_side_of_face/,https://i.redd.it/ycga1h6s1r141.jpg,e3qi4k,data/chinchillas/images/ycga1h6s1r141.jpg,1575087337
87,87.0,87.0,102.0,,,https://www.reddit.com/r/chinchilla/comments/e329or/happy_thanksgiving_from_sami_and_chili/,https://i.redd.it/qwa09bp03h141.jpg,e329or,data/chinchillas/images/qwa09bp03h141.jpg,1574966677
88,88.0,88.0,,,,https://www.reddit.com/r/chinchilla/comments/dynso7/hamtaro_posing_for_the_camera/,https://i.redd.it/szo8wm97koz31.jpg,dynso7,data/chinchillas/images/zo8wm97koz31.jpg,1574185504
89,89.0,90.0,,,,https://www.reddit.com/r/chinchilla/comments/drh0fv/my_love/,https://i.redd.it/nezkj3a1xnw31.jpg,drh0fv,data/chinchillas/images/nezkj3a1xnw31.jpg,1572870953
90,90.0,91.0,,,,https://www.reddit.com/r/chinchilla/comments/ded3tq/friendly_reminder_to_check_all_your_ledges_and/,https://i.redd.it/91gm90u421r31.jpg,ded3tq,data/chinchillas/images/91gm90u421r31.jpg,1570414185
91,91.0,93.0,,,,https://www.reddit.com/r/chinchilla/comments/dcia25/fats_and_the_fam/,https://i.redd.it/kovool4jm7q31.jpg,dcia25,data/chinchillas/images/kovool4jm7q31.jpg,1570057839
92,92.0,94.0,,,,https://www.reddit.com/r/chinchilla/comments/dbymw7/cuddle_time/,https://i.redd.it/gq7dvzupgzp31.jpg,dbymw7,data/chinchillas/images/gq7dvzupgzp31.jpg,1569959029
93,93.0,95.0,,,,https://www.reddit.com/r/chinchilla/comments/d55w8r/sweet_little_old_chinchilla_lady_and_the_tattoo/,https://i.redd.it/mbdytckqj0n31.jpg,d55w8r,data/chinchillas/images/mbdytckqj0n31.jpg,1568664657
94,94.0,96.0,,,,https://www.reddit.com/r/chinchilla/comments/d3irwt/alert_these_two_little_nuggets_are_in_need_of_a/,https://i.redd.it/6tb2bwa5y9m31.jpg,d3irwt,data/chinchillas/images/6tb2bwa5y9m31.jpg,1568342566
95,95.0,97.0,,,,https://www.reddit.com/r/chinchilla/comments/d318rt/ever_so_statuesque/,https://i.redd.it/s18vvu8dp2m31.jpg,d318rt,data/chinchillas/images/18vvu8dp2m31.jpg,1568254867
96,96.0,98.0,,,,https://www.reddit.com/r/chinchilla/comments/cyrw62/ziggys_birthday_hes_2_now_3/,https://i.redd.it/itmby7ixr7k31.jpg,cyrw62,data/chinchillas/images/mby7ixr7k31.jpg,1567444566
97,97.0,103.0,,,,https://www.reddit.com/r/chinchilla/comments/c5sh5j/i_love_this_snuggle_bug_such_a_sweet_chin_pit_my/,https://i.redd.it/ljpyc81ahq631.jpg,c5sh5j,data/chinchillas/images/ljpyc81ahq631.jpg,1561569142
98,98.0,105.0,,,,https://www.reddit.com/r/chinchilla/comments/bwr5mn/cheech_my_beautiful_little_model/,https://i.redd.it/zp6v1wiyfd231.jpg,bwr5mn,data/chinchillas/images/zp6v1wiyfd231.jpg,1559667924
99,99.0,107.0,,,,https://www.reddit.com/r/chinchilla/comments/buwmds/ms_chizzle_waiting_patiently_in_her_pen_for_her/,https://i.redd.it/cyvzfb585e131.jpg,buwmds,data/chinchillas/images/cyvzfb585e131.jpg,1559240568
100,100.0,111.0,,,,https://www.reddit.com/r/chinchilla/comments/blw4vu/hel_being_the_absolute_movie_star_that_he_is/,https://i.redd.it/o3a3ekn8suw21.jpg,blw4vu,data/chinchillas/images/o3a3ekn8suw21.jpg,1557262787
101,101.0,115.0,,,,https://www.reddit.com/r/chinchilla/comments/bcj5ul/my_boys_roger_and_bo_are_best_friends_roger_left/,https://i.redd.it/hageumayjwr21.jpg,bcj5ul,data/chinchillas/images/ageumayjwr21.jpg,1555104963
102,102.0,117.0,,,,https://www.reddit.com/r/chinchilla/comments/b3amy2/hello_there/,https://i.redd.it/2t4ms74z99n21.jpg,b3amy2,data/chinchillas/images/2t4ms74z99n21.jpg,1553079755
103,103.0,119.0,,,,https://www.reddit.com/r/chinchilla/comments/b0lfou/my_old_boy_bean/,https://i.redd.it/it7w9h24rvl21.jpg,b0lfou,data/chinchillas/images/7w9h24rvl21.jpg,1552480174
104,104.0,120.0,,,,https://www.reddit.com/r/chinchilla/comments/axor24/my_two_girls_cuddling_up/,https://i.redd.it/p7dqa6qxkck21.jpg,axor24,data/chinchillas/images/7dqa6qxkck21.jpg,1551812233
105,105.0,121.0,,,,https://www.reddit.com/r/chinchilla/comments/avcuxi/would_anyone_have_any_idea_what_could_be_causing/,https://i.redd.it/w9q646xzr3j21.jpg,avcuxi,data/chinchillas/images/w9q646xzr3j21.jpg,1551269790
106,106.0,122.0,,,,https://www.reddit.com/r/chinchilla/comments/appiwo/chilly_is_always_watching/,https://i.redd.it/4rf5s8lai2g21.jpg,appiwo,data/chinchillas/images/4rf5s8lai2g21.jpg,1549946875
107,107.0,124.0,,,,https://www.reddit.com/r/chinchilla/comments/ahtmec/he_looks_guilty_but_ive_been_watching_him_he/,https://i.redd.it/tr70ru99whb21.jpg,ahtmec,data/chinchillas/images/70ru99whb21.jpg,1547953929
108,108.0,126.0,,,,https://www.reddit.com/r/chinchilla/comments/ae8nut/steve_and_his_shopping_cart/,https://i.redd.it/aqxelqltff921.jpg,ae8nut,data/chinchillas/images/aqxelqltff921.jpg,1547052490
109,109.0,129.0,,,,https://www.reddit.com/r/chinchilla/comments/9pefy9/my_baby_boy_cupid_he_went_to_the_vet_and_ringworm/,https://i.redd.it/1r7yw84241t11.jpg,9pefy9,data/chinchillas/images/1r7yw84241t11.jpg,1539905469
110,110.0,131.0,,,,https://www.reddit.com/r/chinchilla/comments/9fw8hv/offer_to_help_hurricane_evacuees_see_comment/,https://i.redd.it/a66cnlvd0am11.jpg,9fw8hv,data/chinchillas/images/a66cnlvd0am11.jpg,1536962263
111,111.0,132.0,,,,https://www.reddit.com/r/chinchilla/comments/8yoais/my_two_chinny_bun_buns_hope_on_the_left_and/,https://i.redd.it/fm3jiuuhhs911.jpg,8yoais,data/chinchillas/images/fm3jiuuhhs911.jpg,1531519913
112,112.0,133.0,,,,https://www.reddit.com/r/chinchilla/comments/8v2p4a/nugget_strikes_a_pose/,https://i.redd.it/rrhbtbxdt5711.jpg,8v2p4a,data/chinchillas/images/btbxdt5711.jpg,1530373759
113,113.0,135.0,,,,https://www.reddit.com/r/chinchilla/comments/8s5gvd/a_big_yawn/,https://i.redd.it/up6839brgv411.jpg,8s5gvd,data/chinchillas/images/up6839brgv411.jpg,1529376747
114,114.0,,,,,https://www.reddit.com/r/chinchilla/comments/8hcdvt/marshmallow_says/,https://i.redd.it/a0rnwtwsf5w01.jpg,8hcdvt,data/chinchillas/images/a0rnwtwsf5w01.jpg,1525574861
115,115.0,,,,,https://www.reddit.com/r/chinchilla/comments/8ey3rq/first_picture_ive_posted_of_one_of_my_boys_here/,https://i.redd.it/8v6vjpsc25u01.jpg,8ey3rq,data/chinchillas/images/8v6vjpsc25u01.jpg,1524698654
116,116.0,,,,,https://www.reddit.com/r/chinchilla/comments/8ekyip/caught_them_snuggling_this_morning/,https://i.redd.it/t3cf7eeadvt01.jpg,8ekyip,data/chinchillas/images/3cf7eeadvt01.jpg,1524581286
117,117.0,,,,,https://www.reddit.com/r/chinchilla/comments/8chwmr/zen_nap_mode_activated/,https://i.redd.it/e9xl9je5s4s01.jpg,8chwmr,data/chinchillas/images/9xl9je5s4s01.jpg,1523823515
118,121.0,,,,,https://www.reddit.com/r/chinchilla/comments/83w028/throwback_to_the_day_we_got_gibson_we_have_had/,https://i.redd.it/n63eqcaqucl01.jpg,83w028,data/chinchillas/images/n63eqcaqucl01.jpg,1520870303
119,122.0,,,,,https://www.reddit.com/r/chinchilla/comments/83cjb1/ricky_usually_not_one_that_likes_being_touched/,https://i.redd.it/cjplh9y3suk01.jpg,83cjb1,data/chinchillas/images/cjplh9y3suk01.jpg,1520651497
120,123.0,,,,,https://www.reddit.com/r/chinchilla/comments/823lzs/this_sweet_girl_has_the_most_beautiful/,https://i.redd.it/35xd2kpdpvj01.jpg,823lzs,data/chinchillas/images/35xd2kpdpvj01.jpg,1520226836
121,124.0,,,,,https://www.reddit.com/r/chinchilla/comments/7ze1i6/little_girl_on_a_moon/,https://i.redd.it/aw1uwpyouqh01.jpg,7ze1i6,data/chinchillas/images/aw1uwpyouqh01.jpg,1519296393
122,125.0,,,,,https://www.reddit.com/r/chinchilla/comments/7x0otf/my_name_is_oscar_and_im_obsessed_with_showing_mom/,https://i.redd.it/krjqrtnp9sf01.jpg,7x0otf,data/chinchillas/images/krjqrtnp9sf01.jpg,1518441855
123,126.0,,,,,https://www.reddit.com/r/chinchilla/comments/7vt986/1_ear_up/,https://i.redd.it/t2o3xrvfnpe01.jpg,7vt986,data/chinchillas/images/2o3xrvfnpe01.jpg,1517974393
124,127.0,,,,,https://www.reddit.com/r/chinchilla/comments/7u6wpg/its_sophies_4th_birthday_today_here_she_is_giving/,https://i.redd.it/g0b5o4p9obd01.jpg,7u6wpg,data/chinchillas/images/g0b5o4p9obd01.jpg,1517369238
125,129.0,,,,,https://www.reddit.com/r/chinchilla/comments/7rfxlh/heres_my_favorite_picture_of_my_chinchilla_grey/,https://i.redd.it/i0t3vad2fya01.jpg,7rfxlh,data/chinchillas/images/0t3vad2fya01.jpg,1516337055
126,132.0,,,,,https://www.reddit.com/r/chinchilla/comments/7llwg9/getting_this_handsome_boy_next_week/,https://i.redd.it/rpvujpu9wk501.jpg,7llwg9,data/chinchillas/images/vujpu9wk501.jpg,1513994107
127,134.0,,,,,https://www.reddit.com/r/chinchilla/comments/7e1ji3/my_little_weirdo/,https://i.redd.it/g19tq597kyyz.jpg,7e1ji3,data/chinchillas/images/g19tq597kyyz.jpg,1511108606
128,136.0,,,,,https://www.reddit.com/r/chinchilla/comments/78sfxe/how_many_of_you_own_beige_chinchillas_what_is/,https://i.redd.it/oalrnn8ox2uz.jpg,78sfxe,data/chinchillas/images/oalrnn8ox2uz.jpg,1508982364
129,138.0,,,,,https://www.reddit.com/r/chinchilla/comments/74bmot/a_friend_went_to_the_san_diego_safari_park_today/,https://i.redd.it/ikdx19jf0wpz.jpg,74bmot,data/chinchillas/images/kdx19jf0wpz.jpg,1507155114
130,139.0,,,,,https://www.reddit.com/r/chinchilla/comments/6z7sxx/my_lovely_baby/,https://i.redd.it/37nq22w8m1lz.jpg,6z7sxx,data/chinchillas/images/37nq22w8m1lz.jpg,1505043744
131,140.0,,,,,https://www.reddit.com/r/chinchilla/comments/6w3ai4/messin_with_some_light_filters_on_my_chili_puff/,https://i.redd.it/an82lzrxzzhz.jpg,6w3ai4,data/chinchillas/images/an82lzrxzzhz.jpg,1503716603
132,141.0,,,,,https://www.reddit.com/r/chinchilla/comments/6rpm93/just_a_little_fluff_ball/,https://i.redd.it/u4l3hhtibudz.jpg,6rpm93,data/chinchillas/images/u4l3hhtibudz.jpg,1501904451
133,142.0,,,,,https://www.reddit.com/r/chinchilla/comments/6rcka5/look_at_this_fluffy_baby_in_his_hammock/,https://i.redd.it/3u4vnkrw6jdz.jpg,6rcka5,data/chinchillas/images/3u4vnkrw6jdz.jpg,1501769726
134,143.0,,,,,https://www.reddit.com/r/chinchilla/comments/6kowq3/this_is_peanut_hes_a_dick_but_we_love_him_anyway/,https://i.redd.it/kpnws5fu717z.jpg,6kowq3,data/chinchillas/images/kpnws5fu717z.jpg,1498937025
135,144.0,,,,,https://www.reddit.com/r/chinchilla/comments/6jh1wq/can_i_help_you/,https://i.redd.it/bh3q9f1i6v5z.jpg,6jh1wq,data/chinchillas/images/bh3q9f1i6v5z.jpg,1498428085
136,146.0,,,,,https://www.reddit.com/r/chinchilla/comments/6g5h6w/who_says_chinchillas_dont_make_facial_expressions/,https://i.redd.it/f86eg6s01j2z.jpg,6g5h6w,data/chinchillas/images/f86eg6s01j2z.jpg,1496973421
137,148.0,,,,,https://www.reddit.com/r/chinchilla/comments/6exnbu/happy_siblings/,https://i.redd.it/uoow2y4f6b1z.jpg,6exnbu,data/chinchillas/images/uoow2y4f6b1z.jpg,1496442527
138,149.0,,,,,https://www.reddit.com/r/chinchilla/comments/6ei9kg/this_is_what_she_does_when_play_time_is_over/,https://i.redd.it/eou6cz4rpw0z.jpg,6ei9kg,data/chinchillas/images/ou6cz4rpw0z.jpg,1496267427
139,152.0,,,,,https://www.reddit.com/r/chinchilla/comments/6b21h1/the_gangs_almost_all_here_after_about_three/,https://i.redd.it/oi7zis532exy.jpg,6b21h1,data/chinchillas/images/oi7zis532exy.jpg,1494734000
140,153.0,,,,,https://www.reddit.com/r/chinchilla/comments/6b1xs3/princess_peach_resting_during_a_dust_bath/,https://i.redd.it/8uzmocs8xdxy.jpg,6b1xs3,data/chinchillas/images/8uzmocs8xdxy.jpg,1494732465
141,155.0,,,,,https://www.reddit.com/r/chinchilla/comments/6ajdxr/liliana_fully_floofed/,https://i.redd.it/l43iuowbruwy.jpg,6ajdxr,data/chinchillas/images/l43iuowbruwy.jpg,1494500370
142,157.0,,,,,https://www.reddit.com/r/chinchilla/comments/69o93t/the_sleepy_angel/,https://i.redd.it/4niqil9psyvy.jpg,69o93t,data/chinchillas/images/4niqil9psyvy.jpg,1494113392
143,158.0,,,,,https://www.reddit.com/r/chinchilla/comments/680ata/olive_the_chinchilla_still_groggy_from_her_nap/,https://i.redd.it/02qbcbmjd7uy.jpg,680ata,data/chinchillas/images/02qbcbmjd7uy.jpg,1493345562
144,163.0,,,,,https://www.reddit.com/r/chinchilla/comments/639uc8/posing/,https://i.redd.it/21xra0fhnepy.jpg,639uc8,data/chinchillas/images/21xra0fhnepy.jpg,1491255529
145,165.0,,,,,https://www.reddit.com/r/chinchilla/comments/634k68/oh_howard/,https://i.redd.it/g1q8jnipl9py.jpg,634k68,data/chinchillas/images/g1q8jnipl9py.jpg,1491193320
146,166.0,,,,,https://www.reddit.com/r/chinchilla/comments/62h08r/my_chin_sydney_enjoying_a_soothing_bath_question/,https://i.redd.it/ku3g776v6moy.jpg,62h08r,data/chinchillas/images/ku3g776v6moy.jpg,1490909831
147,167.0,,,,,https://www.reddit.com/r/chinchilla/comments/62c143/hi_all_im_new_here_this_is_my_5yearold_standard/,https://i.redd.it/c0d7ztkt8hoy.jpg,62c143,data/chinchillas/images/c0d7ztkt8hoy.jpg,1490849952
148,168.0,,,,,https://www.reddit.com/r/chinchilla/comments/61q9dg/buzz_tucks_his_front_paws_into_his_fur_like_he/,https://i.redd.it/7oaenjfvtvny.jpg,61q9dg,data/chinchillas/images/7oaenjfvtvny.jpg,1490590680
149,,,,,,https://www.reddit.com/r/chinchilla/comments/600bh3/help_theres_an_alien_in_my_chinchillas_cage/,https://i.redd.it/l8qjyn01a1my.jpg,600bh3,data/chinchillas/images/l8qjyn01a1my.jpg,1489784974
150,,,,,,https://www.reddit.com/r/chinchilla/comments/5rseqx/one_of_my_favorite_pictures/,https://i.redd.it/5588k8ek2ldy.jpg,5rseqx,data/chinchillas/images/5588k8ek2ldy.jpg,1486103836
151,,,,,,https://www.reddit.com/r/chinchilla/comments/5mms0h/bright_eyed_and_bushy_tailed/,https://i.redd.it/xhxhe1o4uc8y.jpg,5mms0h,data/chinchillas/images/xhxhe1o4uc8y.jpg,1483823053
152,,,,,,https://www.reddit.com/r/chinchilla/comments/5f9qv5/netflix_and_chilla/,https://i.redd.it/28zq4659ha0y.jpg,5f9qv5,data/chinchillas/images/28zq4659ha0y.jpg,1480307699
153,,,,,,https://www.reddit.com/r/chinchilla/comments/4xwcmk/does_anyone_know_where_i_can_find_this_cage/,https://i.redd.it/5cneky19mmfx.jpg,4xwcmk,data/chinchillas/images/5cneky19mmfx.jpg,1471301857
154,,,,,,https://www.reddit.com/r/chinchilla/comments/4trdaq/chin_and_dog/,https://i.redd.it/w128va34jeax.jpg,4trdaq,data/chinchillas/images/w128va34jeax.jpg,1469024713
155,,,,,,https://www.reddit.com/r/chinchilla/comments/4pajr8/my_narla_had_surprise_babies_any_advice_welcome/,https://i.redd.it/1jh2c5wnbu4x.jpg,4pajr8,data/chinchillas/images/1jh2c5wnbu4x.jpg,1466600876
