,Unnamed: 0.8,Unnamed: 0.7,Unnamed: 0.6,Unnamed: 0.5,Unnamed: 0.4,Unnamed: 0.3,Unnamed: 0.2,Unnamed: 0.1,Unnamed: 0,full_link,image_link,id,local_path,created_utc
0,0.0,0.0,0.0,0.0,0.0,0.0,0.0,0.0,0.0,https://www.reddit.com/r/squirrels/comments/x5lnzz/my_balcony_squirrel/,https://i.redd.it/fd9nnvc9ysl91.jpg,x5lnzz,data/squirrels/images/fd9nnvc9ysl91.jpg,1662294060
1,1.0,1.0,1.0,1.0,1.0,1.0,1.0,1.0,2.0,https://www.reddit.com/r/squirrels/comments/wxrhxp/hello_from_zoboomafoo/,https://i.redd.it/i7fhv342rxj91.jpg,wxrhxp,data/squirrels/images/7fhv342rxj91.jpg,1661466385
2,2.0,2.0,2.0,2.0,2.0,2.0,2.0,2.0,4.0,https://www.reddit.com/r/squirrels/comments/wifqmm/we_got_this_little_fellow_stealing_the_sunflower/,https://i.redd.it/g7uaop6gmag91.jpg,wifqmm,data/squirrels/images/g7uaop6gmag91.jpg,1659878831
3,3.0,3.0,3.0,3.0,3.0,3.0,3.0,3.0,5.0,https://www.reddit.com/r/squirrels/comments/wgamml/missile_eating_in_some_shade/,https://i.redd.it/qme58x0d5rf91.jpg,wgamml,data/squirrels/images/qme58x0d5rf91.jpg,1659643052
4,4.0,4.0,4.0,4.0,4.0,4.0,4.0,4.0,7.0,https://www.reddit.com/r/squirrels/comments/w3x87m/found_this_little_one_splooting_on_the_front_porch/,https://i.redd.it/5qdjnwhudsc91.jpg,w3x87m,data/squirrels/images/5qdjnwhudsc91.jpg,1658350469
5,5.0,5.0,5.0,5.0,5.0,5.0,5.0,5.0,8.0,https://www.reddit.com/r/squirrels/comments/vzw4yf/hello_human_got_any_nuts/,https://i.redd.it/cadrz2s23sb91.jpg,vzw4yf,data/squirrels/images/cadrz2s23sb91.jpg,1657910999
6,6.0,6.0,6.0,6.0,6.0,6.0,6.0,6.0,9.0,https://www.reddit.com/r/squirrels/comments/vxsqf1/my_human_says_i_am_the_cutest_furball/,https://i.redd.it/c4reb07n29b91.jpg,vxsqf1,data/squirrels/images/c4reb07n29b91.jpg,1657680824
7,7.0,7.0,7.0,7.0,7.0,7.0,7.0,7.0,10.0,https://www.reddit.com/r/squirrels/comments/vutm90/fat_squirrel_lol/,https://i.redd.it/o7ggizc4iia91.jpg,vutm90,data/squirrels/images/o7ggizc4iia91.jpg,1657341140
8,8.0,8.0,8.0,8.0,8.0,8.0,8.0,8.0,11.0,https://www.reddit.com/r/squirrels/comments/vusa0z/charles_in_charge_of_nuts/,https://i.redd.it/qjhi69r6nga91.jpg,vusa0z,data/squirrels/images/qjhi69r6nga91.jpg,1657336631
9,9.0,9.0,9.0,9.0,9.0,9.0,9.0,9.0,12.0,https://www.reddit.com/r/squirrels/comments/vrk52e/really_hot_day/,https://i.redd.it/e75x9d1cxm991.jpg,vrk52e,data/squirrels/images/75x9d1cxm991.jpg,1656976837
10,10.0,10.0,10.0,10.0,10.0,10.0,10.0,10.0,13.0,https://www.reddit.com/r/squirrels/comments/vnt1md/whats_up_with_their_tail/,https://i.redd.it/fqjfdfib6n891.jpg,vnt1md,data/squirrels/images/fqjfdfib6n891.jpg,1656544010
11,11.0,11.0,11.0,11.0,11.0,11.0,11.0,11.0,14.0,https://www.reddit.com/r/squirrels/comments/vlj3ua/a_clever_way_to_cool_off/,https://i.redd.it/ijvo3spvb2891.jpg,vlj3ua,data/squirrels/images/jvo3spvb2891.jpg,1656291637
12,12.0,12.0,12.0,12.0,12.0,12.0,12.0,12.0,15.0,https://www.reddit.com/r/squirrels/comments/vf8v0u/injury_or_mange/,https://i.redd.it/qxwr44h4he691.jpg,vf8v0u,data/squirrels/images/qxwr44h4he691.jpg,1655566995
13,13.0,13.0,13.0,13.0,13.0,13.0,13.0,13.0,16.0,https://www.reddit.com/r/squirrels/comments/vem0sh/cute_squirrel_baby_is_showing_off_those_muscles/,https://i.redd.it/7gxal006x7691.jpg,vem0sh,data/squirrels/images/7gxal006x7691.jpg,1655488730
14,14.0,14.0,14.0,14.0,14.0,14.0,14.0,14.0,17.0,https://www.reddit.com/r/squirrels/comments/vd1slf/a_squirrel/,https://i.redd.it/uk3ugn6h0u591.jpg,vd1slf,data/squirrels/images/uk3ugn6h0u591.jpg,1655319253
15,15.0,15.0,15.0,15.0,15.0,15.0,15.0,15.0,18.0,https://www.reddit.com/r/squirrels/comments/vbq0iq/well_hello_there_sweet_cheeks/,https://i.redd.it/0c0z2nip7h591.jpg,vbq0iq,data/squirrels/images/0c0z2nip7h591.jpg,1655164311
16,16.0,16.0,16.0,16.0,16.0,16.0,16.0,16.0,19.0,https://www.reddit.com/r/squirrels/comments/vboxkg/is_she_okay/,https://i.redd.it/pwv4amx8yg591.jpg,vboxkg,data/squirrels/images/wv4amx8yg591.jpg,1655161111
17,17.0,17.0,17.0,17.0,17.0,17.0,17.0,17.0,20.0,https://www.reddit.com/r/squirrels/comments/v988uk/nom_nom_nom/,https://i.redd.it/smobf682us491.jpg,v988uk,data/squirrels/images/mobf682us491.jpg,1654869138
18,18.0,18.0,18.0,18.0,18.0,18.0,18.0,18.0,21.0,https://www.reddit.com/r/squirrels/comments/v8xq9s/my_squirrel_buddy_loved_this_bird_feeder_but_i/,https://i.redd.it/naxl0jo1kp491.jpg,v8xq9s,data/squirrels/images/naxl0jo1kp491.jpg,1654829448
19,19.0,19.0,19.0,19.0,19.0,19.0,19.0,19.0,22.0,https://www.reddit.com/r/squirrels/comments/v63dnw/selfie_time/,https://i.redd.it/i9gojp9o40491.jpg,v63dnw,data/squirrels/images/9gojp9o40491.jpg,1654521620
20,20.0,20.0,20.0,20.0,20.0,20.0,20.0,20.0,23.0,https://www.reddit.com/r/squirrels/comments/v2wjcq/first_photo_of_one_of_pickys_babies/,https://i.redd.it/eigzkp4hv3391.jpg,v2wjcq,data/squirrels/images/gzkp4hv3391.jpg,1654131093
21,21.0,21.0,21.0,21.0,21.0,21.0,21.0,21.0,24.0,https://www.reddit.com/r/squirrels/comments/uzvzde/hello/,https://i.redd.it/lsvuof0y5a291.jpg,uzvzde,data/squirrels/images/lsvuof0y5a291.jpg,1653771406
22,22.0,22.0,22.0,22.0,22.0,22.0,22.0,22.0,25.0,https://www.reddit.com/r/squirrels/comments/uzstrs/what_happened_to_this_poor_little_guy/,https://i.redd.it/hirdepdyb9291.jpg,uzstrs,data/squirrels/images/yb9291.jpg,1653761324
23,23.0,23.0,23.0,23.0,23.0,23.0,23.0,23.0,26.0,https://www.reddit.com/r/squirrels/comments/uuduz5/the_time_that_winston_came_over_and_leaned_on_our/,https://i.redd.it/byw374byrq091.jpg,uuduz5,data/squirrels/images/byw374byrq091.jpg,1653100824
24,24.0,24.0,24.0,24.0,24.0,24.0,24.0,24.0,27.0,https://www.reddit.com/r/squirrels/comments/uudg85/not_sure_if_this_one_knows_how_to_squirrel/,https://i.redd.it/acnz8yjhnq091.jpg,uudg85,data/squirrels/images/acnz8yjhnq091.jpg,1653099323
25,25.0,25.0,25.0,25.0,25.0,25.0,25.0,25.0,28.0,https://www.reddit.com/r/squirrels/comments/usrkd5/video_here_inspired_me/,https://i.redd.it/8dmrobxn0c091.jpg,usrkd5,data/squirrels/images/8dmrobxn0c091.jpg,1652922167
26,26.0,26.0,26.0,26.0,26.0,26.0,26.0,26.0,29.0,https://www.reddit.com/r/squirrels/comments/urpyde/snacky_is_hungry/,https://i.redd.it/ftgzbm9b92091.jpg,urpyde,data/squirrels/images/ftgzbm9b92091.jpg,1652804008
27,27.0,27.0,27.0,27.0,27.0,27.0,27.0,27.0,30.0,https://www.reddit.com/r/squirrels/comments/upl738/worried_about_gus_here/,https://i.redd.it/t7u6dvac0hz81.jpg,upl738,data/squirrels/images/7u6dvac0hz81.jpg,1652546758
28,28.0,28.0,28.0,28.0,28.0,28.0,28.0,28.0,31.0,https://www.reddit.com/r/squirrels/comments/ujo17i/oc_bic_aint_paying_me_shit_for_this_but_i_found/,https://i.redd.it/sdj19wi4zux81.jpg,ujo17i,data/squirrels/images/j19wi4zux81.jpg,1651845375
29,29.0,29.0,29.0,29.0,29.0,29.0,29.0,29.0,32.0,https://www.reddit.com/r/squirrels/comments/uig2rs/my_buddy/,https://i.redd.it/vw45exbgtix81.jpg,uig2rs,data/squirrels/images/vw45exbgtix81.jpg,1651696928
30,30.0,30.0,30.0,30.0,30.0,30.0,30.0,30.0,33.0,https://www.reddit.com/r/squirrels/comments/ugb2ez/excuse_me_may_i_have_another_almond/,https://i.redd.it/2y2n66qlxxw81.jpg,ugb2ez,data/squirrels/images/2y2n66qlxxw81.jpg,1651444083
31,31.0,31.0,31.0,31.0,31.0,31.0,31.0,31.0,34.0,https://www.reddit.com/r/squirrels/comments/u7vas9/morning_donut/,https://i.redd.it/xntxj2xyfou81.jpg,u7vas9,data/squirrels/images/xntxj2xyfou81.jpg,1650457490
32,32.0,32.0,32.0,32.0,32.0,32.0,32.0,32.0,35.0,https://www.reddit.com/r/squirrels/comments/u7f3ee/rockin_cutie/,https://i.redd.it/4pewbd7csju81.jpg,u7f3ee,data/squirrels/images/4pewbd7csju81.jpg,1650401204
33,33.0,33.0,33.0,33.0,33.0,33.0,33.0,33.0,36.0,https://www.reddit.com/r/squirrels/comments/u4td6z/been_hearing_about_him_for_several_weeks_now_but/,https://i.redd.it/g79d2qn7qut81.jpg,u4td6z,data/squirrels/images/g79d2qn7qut81.jpg,1650097727
34,34.0,34.0,34.0,34.0,34.0,34.0,34.0,34.0,38.0,https://www.reddit.com/r/squirrels/comments/u3fmgf/enjoying_a_ritz_cracker/,https://i.redd.it/retprt6dfht81.jpg,u3fmgf,data/squirrels/images/6dfht81.jpg,1649936756
35,35.0,35.0,35.0,35.0,35.0,35.0,35.0,35.0,39.0,https://www.reddit.com/r/squirrels/comments/tynrp1/rainy_day_snacks/,https://i.redd.it/lz23ygprg6s81.jpg,tynrp1,data/squirrels/images/lz23ygprg6s81.jpg,1649368152
36,36.0,36.0,36.0,36.0,36.0,36.0,36.0,36.0,40.0,https://www.reddit.com/r/squirrels/comments/tw77kx/spare_any_seeds_for_an_ever_so_hungry_little/,https://i.redd.it/4hz7dhllnjr81.jpg,tw77kx,data/squirrels/images/4hz7dhllnjr81.jpg,1649092011
37,37.0,37.0,37.0,37.0,37.0,37.0,37.0,37.0,42.0,https://www.reddit.com/r/squirrels/comments/tnnpyl/i_miss_my_baby_squirrel_theres_never_a_single_day/,https://i.redd.it/htiir076njp81.jpg,tnnpyl,data/squirrels/images/076njp81.jpg,1648220156
38,38.0,38.0,38.0,38.0,38.0,38.0,38.0,38.0,43.0,https://www.reddit.com/r/squirrels/comments/tmz5bt/rocket_is_about_to_bust_a_move_on_the_dance_floor/,https://i.redd.it/qowg4n4jxdp81.jpg,tmz5bt,data/squirrels/images/qowg4n4jxdp81.jpg,1648150981
39,39.0,39.0,39.0,39.0,39.0,39.0,39.0,39.0,44.0,https://www.reddit.com/r/squirrels/comments/tlwvoy/a_squirrel_was_digging_in_my_pots_i_tossed_him/,https://i.redd.it/ojkpr3yl69p81.jpg,tlwvoy,data/squirrels/images/ojkpr3yl69p81.jpg,1648093498
40,40.0,40.0,40.0,40.0,40.0,40.0,40.0,40.0,45.0,https://www.reddit.com/r/squirrels/comments/tlcndp/can_i_do_anything_to_help_this_guy_litchfield/,https://i.redd.it/xg434mz6z6p81.jpg,tlcndp,data/squirrels/images/xg434mz6z6p81.jpg,1648066792
41,41.0,41.0,41.0,41.0,41.0,41.0,41.0,41.0,46.0,https://www.reddit.com/r/squirrels/comments/tkcnpe/check_out_the_coat_on_this_guy/,https://i.redd.it/he06a2cqyzo81.jpg,tkcnpe,data/squirrels/images/06a2cqyzo81.jpg,1647981887
42,42.0,42.0,42.0,42.0,42.0,42.0,42.0,42.0,47.0,https://www.reddit.com/r/squirrels/comments/t92sqg/my_friends_survived_their_tree_being_cut_down/,https://i.redd.it/602uxfayq1m81.jpg,t92sqg,data/squirrels/images/602uxfayq1m81.jpg,1646695992
43,43.0,43.0,43.0,43.0,43.0,43.0,43.0,43.0,48.0,https://www.reddit.com/r/squirrels/comments/t80tin/a_visit_from_susie/,https://i.redd.it/0mjv1mze5sl81.jpg,t80tin,data/squirrels/images/0mjv1mze5sl81.jpg,1646579765
44,44.0,44.0,44.0,44.0,44.0,44.0,44.0,44.0,49.0,https://www.reddit.com/r/squirrels/comments/t6vawu/the_is_gus_jr_hes_got_the_cutest_little_pink_nose/,https://i.redd.it/inqxemvx5gl81.jpg,t6vawu,data/squirrels/images/nqxemvx5gl81.jpg,1646434629
45,45.0,45.0,45.0,45.0,45.0,45.0,45.0,46.0,,https://www.reddit.com/r/squirrels/comments/t0dq1j/the_cutest_boi/,https://i.redd.it/112c0skwusj81.jpg,t0dq1j,data/squirrels/images/112c0skwusj81.jpg,1645716611
46,46.0,46.0,46.0,46.0,46.0,46.0,46.0,48.0,,https://www.reddit.com/r/squirrels/comments/sru7cy/spungee_eating_dinner/,https://i.redd.it/5ngsef0daoh81.jpg,sru7cy,data/squirrels/images/5ngsef0daoh81.jpg,1644789579
47,47.0,47.0,47.0,47.0,47.0,47.0,47.0,49.0,,https://www.reddit.com/r/squirrels/comments/spfak8/is_this_squirrel_okay/,https://i.redd.it/rvwk3i1j82h81.jpg,spfak8,data/squirrels/images/vwk3i1j82h81.jpg,1644522617
48,48.0,48.0,48.0,48.0,48.0,48.0,48.0,50.0,,https://www.reddit.com/r/squirrels/comments/siqeox/aww/,https://i.redd.it/0thl9h1xmff81.jpg,siqeox,data/squirrels/images/0thl9h1xmff81.jpg,1643813165
49,49.0,49.0,49.0,49.0,49.0,49.0,49.0,51.0,,https://www.reddit.com/r/squirrels/comments/si5u9w/dark_lord_chestnut_has_been_coming_by_more/,https://i.redd.it/hjvz0p1jfaf81.jpg,si5u9w,data/squirrels/images/jvz0p1jfaf81.jpg,1643750126
50,50.0,50.0,50.0,50.0,50.0,50.0,50.0,52.0,,https://www.reddit.com/r/squirrels/comments/shi7kk/sploot/,https://i.redd.it/oeztukw3j4f81.jpg,shi7kk,data/squirrels/images/oeztukw3j4f81.jpg,1643678688
51,51.0,51.0,51.0,51.0,51.0,51.0,51.0,55.0,,https://www.reddit.com/r/squirrels/comments/sa83xv/after_digging_for_food/,https://i.redd.it/32nektsg3ad81.jpg,sa83xv,data/squirrels/images/32nektsg3ad81.jpg,1642874388
52,52.0,52.0,52.0,52.0,52.0,52.0,52.0,56.0,,https://www.reddit.com/r/squirrels/comments/s83z6i/pleeeease_may_i_have_the_tasty_treats/,https://i.redd.it/4svoq463cqc81.jpg,s83z6i,data/squirrels/images/4svoq463cqc81.jpg,1642635143
53,53.0,53.0,53.0,53.0,53.0,53.0,53.0,57.0,,https://www.reddit.com/r/squirrels/comments/s6aqkr/chonk/,https://i.redd.it/83enfmcdiac81.jpg,s6aqkr,data/squirrels/images/83enfmcdiac81.jpg,1642443536
54,54.0,54.0,54.0,54.0,54.0,54.0,54.0,58.0,,https://www.reddit.com/r/squirrels/comments/s5thw3/wheres_my_breakfast_i_am_waiting/,https://i.redd.it/dkt2t1fa16c81.jpg,s5thw3,data/squirrels/images/kt2t1fa16c81.jpg,1642389372
55,55.0,55.0,55.0,55.0,55.0,55.0,55.0,59.0,,https://www.reddit.com/r/squirrels/comments/s3eteq/fox_squirells/,https://i.redd.it/16h9v2tlxjb81.jpg,s3eteq,data/squirrels/images/16h9v2tlxjb81.jpg,1642121773
56,56.0,56.0,56.0,56.0,56.0,56.0,56.0,60.0,,https://www.reddit.com/r/squirrels/comments/rzhfx4/battle_stance/,https://i.redd.it/66izrl3shka81.jpg,rzhfx4,data/squirrels/images/66izrl3shka81.jpg,1641696407
57,57.0,57.0,57.0,57.0,57.0,57.0,57.0,61.0,,https://www.reddit.com/r/squirrels/comments/rz2p6v/do_you_spare_any_seeds_for_a_hungry_squirrel/,https://i.redd.it/6e8vzfusiha81.jpg,rz2p6v,data/squirrels/images/6e8vzfusiha81.jpg,1641656765
58,58.0,58.0,58.0,58.0,58.0,58.0,58.0,62.0,,https://www.reddit.com/r/squirrels/comments/rwre58/squirrel/,https://i.redd.it/5azig40ogw981.jpg,rwre58,data/squirrels/images/5azig40ogw981.jpg,1641401773
59,59.0,59.0,59.0,59.0,59.0,59.0,59.0,63.0,,https://www.reddit.com/r/squirrels/comments/rwbbbz/i_love_how_they_can_eat_upside_down_like_that/,https://i.redd.it/gor0is5y2s981.jpg,rwbbbz,data/squirrels/images/gor0is5y2s981.jpg,1641348732
60,60.0,60.0,60.0,60.0,60.0,60.0,60.0,64.0,,https://www.reddit.com/r/squirrels/comments/rvp6zh/squirrel_enjoying_a_free_snack_in_the_backyard/,https://i.redd.it/nj2ezm9bom981.jpg,rvp6zh,data/squirrels/images/nj2ezm9bom981.jpg,1641283328
61,61.0,61.0,61.0,61.0,61.0,61.0,61.0,65.0,,https://www.reddit.com/r/squirrels/comments/rv1uqn/saltandpepper_squirrel/,https://i.redd.it/27wl2jpy6h981.jpg,rv1uqn,data/squirrels/images/27wl2jpy6h981.jpg,1641216905
62,62.0,62.0,62.0,62.0,62.0,62.0,62.0,66.0,,https://www.reddit.com/r/squirrels/comments/rv1kpp/snowy_squirrel/,https://i.redd.it/tt42ygze4h981.jpg,rv1kpp,data/squirrels/images/42ygze4h981.jpg,1641216046
63,63.0,63.0,63.0,63.0,63.0,63.0,63.0,67.0,,https://www.reddit.com/r/squirrels/comments/rtpicg/snow_squirrel/,https://i.redd.it/89l9vzc7g4981.jpg,rtpicg,data/squirrels/images/89l9vzc7g4981.jpg,1641062622
64,64.0,64.0,64.0,64.0,64.0,64.0,64.0,68.0,,https://www.reddit.com/r/squirrels/comments/rslku1/glad_that_i_captured_the_random_cuteness_during_a/,https://i.redd.it/o7xmizir4t881.jpg,rslku1,data/squirrels/images/o7xmizir4t881.jpg,1640925599
65,65.0,65.0,65.0,65.0,65.0,65.0,65.0,69.0,,https://www.reddit.com/r/squirrels/comments/rqv3m7/this_dude_grabbed_this_slice_and_ran_off_with_it/,https://i.redd.it/vpwrhshntd881.jpg,rqv3m7,data/squirrels/images/vpwrhshntd881.jpg,1640740259
66,66.0,66.0,66.0,66.0,66.0,66.0,66.0,70.0,,https://www.reddit.com/r/squirrels/comments/rpu7u7/my_favorite_squirrel_mrs_weasley_caroling_we_wish/,https://i.redd.it/ib7ko595s4881.jpg,rpu7u7,data/squirrels/images/b7ko595s4881.jpg,1640630790
67,67.0,67.0,67.0,67.0,67.0,67.0,67.0,71.0,,https://www.reddit.com/r/squirrels/comments/rpu002/neither_rain_nor_snow_stops_mrs_weasley_from/,https://i.redd.it/t0yelg55q4881.jpg,rpu002,data/squirrels/images/0yelg55q4881.jpg,1640630191
68,68.0,68.0,68.0,68.0,68.0,68.0,68.0,72.0,,https://www.reddit.com/r/squirrels/comments/robsul/my_diet_starts_on_new_years_day_i_promise/,https://i.redd.it/7yd9glt3jp781.jpg,robsul,data/squirrels/images/7yd9glt3jp781.jpg,1640446513
69,69.0,69.0,69.0,69.0,69.0,69.0,69.0,73.0,,https://www.reddit.com/r/squirrels/comments/rklmt4/oh_misty_eye_of_the_mountain_below/,https://i.redd.it/ld3xt8j3so681.jpg,rklmt4,data/squirrels/images/ld3xt8j3so681.jpg,1640001219
70,70.0,70.0,70.0,70.0,70.0,70.0,70.0,74.0,,https://www.reddit.com/r/squirrels/comments/r7o4b3/rarely_post_here_but_bought_some_walnuts_to_share/,https://i.redd.it/87367hyuo8381.jpg,r7o4b3,data/squirrels/images/87367hyuo8381.jpg,1638498884
71,71.0,71.0,71.0,71.0,71.0,71.0,71.0,76.0,,https://www.reddit.com/r/squirrels/comments/r4d5bo/some_sweet_treats_on_a_cold_day/,https://i.redd.it/ua5ldhnr8e281.jpg,r4d5bo,data/squirrels/images/ua5ldhnr8e281.jpg,1638130266
72,72.0,72.0,72.0,72.0,72.0,72.0,72.0,77.0,,https://www.reddit.com/r/squirrels/comments/r0pw2b/one_more_from_yesterday_it_ate_a_large_pile_of/,https://i.redd.it/zeqz74xfff181.jpg,r0pw2b,data/squirrels/images/zeqz74xfff181.jpg,1637708758
73,73.0,73.0,73.0,73.0,73.0,73.0,73.0,78.0,,https://www.reddit.com/r/squirrels/comments/r0k5v8/did_someone_say_thanksgiving_is_2_days_away/,https://i.redd.it/v5mne0oj5e181.jpg,r0k5v8,data/squirrels/images/v5mne0oj5e181.jpg,1637693325
74,74.0,74.0,74.0,74.0,74.0,74.0,74.0,79.0,,https://www.reddit.com/r/squirrels/comments/qzlz6z/angry_kipper/,https://i.redd.it/lwizxf0qk5181.jpg,qzlz6z,data/squirrels/images/lwizxf0qk5181.jpg,1637589464
75,75.0,75.0,75.0,75.0,75.0,75.0,75.0,80.0,,https://www.reddit.com/r/squirrels/comments/qz8js8/kipper/,https://i.redd.it/764no8ybk1181.jpg,qz8js8,data/squirrels/images/764no8ybk1181.jpg,1637540904
76,76.0,76.0,76.0,76.0,76.0,76.0,76.0,82.0,,https://www.reddit.com/r/squirrels/comments/qrnezf/i_was_blessed_by_a_squirrel_on_campus/,https://i.redd.it/8caann57gzy71.jpg,qrnezf,data/squirrels/images/8caann57gzy71.jpg,1636643604
77,77.0,77.0,77.0,77.0,77.0,77.0,77.0,83.0,,https://www.reddit.com/r/squirrels/comments/qqbu7r/she_did_not_appreciate_him_opening_the_bedroom/,https://i.redd.it/7m006mtykmy71.jpg,qqbu7r,data/squirrels/images/7m006mtykmy71.jpg,1636487820
78,78.0,78.0,78.0,78.0,78.0,78.0,78.0,84.0,,https://www.reddit.com/r/squirrels/comments/qowema/squirrel_in_my_driveway/,https://i.redd.it/zb2mgdm3b8y71.jpg,qowema,data/squirrels/images/zb2mgdm3b8y71.jpg,1636315009
79,79.0,79.0,79.0,79.0,79.0,79.0,79.0,85.0,,https://www.reddit.com/r/squirrels/comments/qna9pu/look_who_came_back_for_an_almond_snack_ammaji_my/,https://i.redd.it/ay8eghopvrx71.jpg,qna9pu,data/squirrels/images/ay8eghopvrx71.jpg,1636116121
80,80.0,80.0,80.0,80.0,80.0,80.0,80.0,86.0,,https://www.reddit.com/r/squirrels/comments/qm9etw/galadriel_the_lady_of_the_woods/,https://i.redd.it/xklu9y20dhx71.jpg,qm9etw,data/squirrels/images/xklu9y20dhx71.jpg,1635988758
81,81.0,81.0,81.0,81.0,81.0,81.0,81.0,87.0,,https://www.reddit.com/r/squirrels/comments/qfxalo/my_backyard_friend_today/,https://i.redd.it/2vez81qiopv71.jpg,qfxalo,data/squirrels/images/2vez81qiopv71.jpg,1635217791
82,82.0,82.0,82.0,82.0,82.0,82.0,82.0,88.0,,https://www.reddit.com/r/squirrels/comments/qfovwp/mr_nutter_butter_likes_to_keep_his_tummy_satisfied/,https://i.redd.it/y99flg0cinv71.jpg,qfovwp,data/squirrels/images/y99flg0cinv71.jpg,1635191665
83,83.0,83.0,83.0,83.0,83.0,83.0,83.0,89.0,,https://www.reddit.com/r/squirrels/comments/qehtvn/bro_fiending/,https://i.redd.it/258ra46ctav71.jpg,qehtvn,data/squirrels/images/258ra46ctav71.jpg,1635037809
84,84.0,84.0,84.0,84.0,84.0,84.0,84.0,90.0,,https://www.reddit.com/r/squirrels/comments/qd0ftf/our_friend_annie_looking_quite_pleased_with_the/,https://i.redd.it/zg40n28u2vu71.jpg,qd0ftf,data/squirrels/images/zg40n28u2vu71.jpg,1634847429
85,85.0,85.0,85.0,85.0,85.0,85.0,85.0,91.0,,https://www.reddit.com/r/squirrels/comments/qcemgw/i_found_a_dead_squirrel_on_the_nature_trail_at_my/,https://i.redd.it/v1llv2di2pu71.jpg,qcemgw,data/squirrels/images/v1llv2di2pu71.jpg,1634774542
86,86.0,86.0,86.0,86.0,86.0,86.0,86.0,92.0,,https://www.reddit.com/r/squirrels/comments/qbomr4/our_friendly_porch_intruder_decided_to_make_a/,https://i.redd.it/jh401unvzhu71.jpg,qbomr4,data/squirrels/images/jh401unvzhu71.jpg,1634688907
87,87.0,87.0,87.0,87.0,87.0,87.0,87.0,93.0,,https://www.reddit.com/r/squirrels/comments/qa8qex/wfh_for_the_past_18_mos_and_i_think_shes_my/,https://i.redd.it/cnpvlauw13u71.jpg,qa8qex,data/squirrels/images/cnpvlauw13u71.jpg,1634507988
88,88.0,88.0,88.0,88.0,88.0,88.0,88.0,94.0,,https://www.reddit.com/r/squirrels/comments/q6zrop/hoping_to_see_this_guy_around_again_this_winter/,https://i.redd.it/hnkhixou64t71.jpg,q6zrop,data/squirrels/images/nkhixou64t71.jpg,1634085916
89,89.0,89.0,89.0,89.0,89.0,89.0,89.0,,,https://www.reddit.com/r/squirrels/comments/q334y2/found_him_enjoying_the_sunshine/,https://i.redd.it/9o91ojg14zr71.jpg,q334y2,data/squirrels/images/9o91ojg14zr71.jpg,1633588586
90,90.0,90.0,90.0,90.0,90.0,90.0,93.0,,,https://www.reddit.com/r/squirrels/comments/pp13ed/this_one_was_being_chased_up_a_tree_by_a_chipmunk/,https://i.redd.it/2xxi8e1wyqn71.jpg,pp13ed,data/squirrels/images/2xxi8e1wyqn71.jpg,1631746764
91,91.0,91.0,91.0,91.0,91.0,91.0,94.0,,,https://www.reddit.com/r/squirrels/comments/pl5lw9/so_comfy/,https://i.redd.it/2kmllnq0cjm71.jpg,pl5lw9,data/squirrels/images/2kmllnq0cjm71.jpg,1631218318
92,92.0,92.0,92.0,92.0,92.0,92.0,95.0,,,https://www.reddit.com/r/squirrels/comments/pjoh0x/this_was_taken_december_2020_a_curious_little_guy/,https://i.redd.it/zfjzhn54g3m71.jpg,pjoh0x,data/squirrels/images/zfjzhn54g3m71.jpg,1631025979
93,93.0,93.0,93.0,93.0,93.0,93.0,96.0,,,https://www.reddit.com/r/squirrels/comments/pho4wl/squirrel_just_thought_i_was_a_tree/,https://i.redd.it/q0bkij19cgl71.jpg,pho4wl,data/squirrels/images/q0bkij19cgl71.jpg,1630746229
94,94.0,94.0,94.0,94.0,94.0,94.0,97.0,,,https://www.reddit.com/r/squirrels/comments/pgxf5z/round_earl/,https://i.redd.it/lmerkh21n7l71.jpg,pgxf5z,data/squirrels/images/lmerkh21n7l71.jpg,1630640900
95,95.0,95.0,95.0,95.0,95.0,95.0,98.0,,,https://www.reddit.com/r/squirrels/comments/pen77k/nice_tail/,https://i.redd.it/87pvh1u89jk71.jpg,pen77k,data/squirrels/images/87pvh1u89jk71.jpg,1630345687
96,96.0,96.0,96.0,96.0,96.0,96.0,101.0,,,https://www.reddit.com/r/squirrels/comments/p3buip/cute_expression_on_hisher_face/,https://i.redd.it/mfxxl1zsk0h71.jpg,p3buip,data/squirrels/images/mfxxl1zsk0h71.jpg,1628811997
97,97.0,97.0,97.0,97.0,97.0,97.0,102.0,,,https://www.reddit.com/r/squirrels/comments/p2rbr3/an_old_pic_of_willy_i_forgot_about_i_hope_hes/,https://i.redd.it/0ovlz8zs2ug71.jpg,p2rbr3,data/squirrels/images/0ovlz8zs2ug71.jpg,1628733374
98,98.0,98.0,98.0,98.0,98.0,98.0,104.0,,,https://www.reddit.com/r/squirrels/comments/p0mk8n/fat_gus_getting_thicker_for_winter/,https://i.redd.it/63hf3cod47g71.jpg,p0mk8n,data/squirrels/images/63hf3cod47g71.jpg,1628455373
99,99.0,99.0,99.0,99.0,99.0,99.0,105.0,,,https://www.reddit.com/r/squirrels/comments/ouyu99/how_can_anyone_tire_of_rat_tattooy_he_climbs_up/,https://i.redd.it/qj1etoh0jge71.jpg,ouyu99,data/squirrels/images/qj1etoh0jge71.jpg,1627697559
100,100.0,100.0,100.0,100.0,100.0,100.0,106.0,,,https://www.reddit.com/r/squirrels/comments/ou0es8/squirrel/,https://i.redd.it/wwzlfmgtd6e71.jpg,ou0es8,data/squirrels/images/wwzlfmgtd6e71.jpg,1627574745
101,101.0,101.0,101.0,101.0,101.0,101.0,107.0,,,https://www.reddit.com/r/squirrels/comments/otkwri/this_is_flossie_she_loves_tomatoes_and_walnuts/,https://i.redd.it/xr5qiyar71e71.jpg,otkwri,data/squirrels/images/xr5qiyar71e71.jpg,1627512177
102,102.0,102.0,102.0,102.0,102.0,102.0,109.0,,,https://www.reddit.com/r/squirrels/comments/ojxzic/mind_if_i_borrow_a_peanut/,https://i.redd.it/pmw9j9yda4b71.jpg,ojxzic,data/squirrels/images/mw9j9yda4b71.jpg,1626241832
103,103.0,103.0,103.0,103.0,103.0,103.0,110.0,,,https://www.reddit.com/r/squirrels/comments/odln1w/big_sippy/,https://i.redd.it/h3fn53joi7971.jpg,odln1w,data/squirrels/images/3fn53joi7971.jpg,1625409249
104,104.0,104.0,104.0,104.0,104.0,104.0,111.0,,,https://www.reddit.com/r/squirrels/comments/ocewp9/this_little_guy_has_been_resting_outside_my/,https://i.redd.it/lbkyw3u14u871.jpg,ocewp9,data/squirrels/images/lbkyw3u14u871.jpg,1625246936
105,105.0,105.0,105.0,105.0,105.0,105.0,112.0,,,https://www.reddit.com/r/squirrels/comments/o9vz5z/its_not_the_heat_its_the_humidity/,https://i.redd.it/0hylu6leb3871.jpg,o9vz5z,data/squirrels/images/0hylu6leb3871.jpg,1624922537
106,106.0,106.0,106.0,106.0,106.0,106.0,113.0,,,https://www.reddit.com/r/squirrels/comments/o9t2va/the_squirrel_who_had_an_abscess_on_his_nose_that/,https://i.redd.it/s66z39buj2871.jpg,o9t2va,data/squirrels/images/66z39buj2871.jpg,1624913265
107,107.0,107.0,107.0,107.0,107.0,107.0,114.0,,,https://www.reddit.com/r/squirrels/comments/o8wtbe/waiting_patiently_on_a_hot_muggy_morning/,https://i.redd.it/wa3j6epe5t771.jpg,o8wtbe,data/squirrels/images/wa3j6epe5t771.jpg,1624799439
108,108.0,108.0,108.0,108.0,108.0,108.0,115.0,,,https://www.reddit.com/r/squirrels/comments/o2p2ws/an_old_pic_of_walt_i_miss_you_buddy/,https://i.redd.it/gy8gn6h501671.jpg,o2p2ws,data/squirrels/images/gy8gn6h501671.jpg,1624022839
109,109.0,109.0,109.0,109.0,109.0,109.0,116.0,,,https://www.reddit.com/r/squirrels/comments/o239os/canadian_red_squirrel_in_rural_ontario/,https://i.redd.it/439agovq6v571.jpg,o239os,data/squirrels/images/439agovq6v571.jpg,1623952405
110,110.0,110.0,110.0,110.0,110.0,110.0,117.0,,,https://www.reddit.com/r/squirrels/comments/o20jkp/the_baby_hasnt_come_to_visit_since_getting/,https://i.redd.it/njksrrpllu571.jpg,o20jkp,data/squirrels/images/njksrrpllu571.jpg,1623945304
111,111.0,111.0,111.0,111.0,111.0,111.0,118.0,,,https://www.reddit.com/r/squirrels/comments/nyluwn/strange_birds_visited_my_feeders/,https://i.redd.it/gh9kwzpwsx471.jpg,nyluwn,data/squirrels/images/gh9kwzpwsx471.jpg,1623548224
112,112.0,112.0,112.0,112.0,112.0,112.0,119.0,,,https://www.reddit.com/r/squirrels/comments/nv79rx/finally_got_a_good_picture_of_this_squirrel/,https://i.redd.it/ir3k0ha3c2471.jpg,nv79rx,data/squirrels/images/3k0ha3c2471.jpg,1623167571
113,113.0,113.0,113.0,113.0,113.0,113.0,121.0,,,https://www.reddit.com/r/squirrels/comments/nv6rs4/my_mother_in_law_chases_him_i_dont_so_he_always/,https://i.redd.it/fi2jg0mu62471.jpg,nv6rs4,data/squirrels/images/fi2jg0mu62471.jpg,1623166675
114,114.0,114.0,114.0,114.0,114.0,114.0,122.0,,,https://www.reddit.com/r/squirrels/comments/nt082e/relaxing/,https://i.redd.it/vd7vio6iah371.jpg,nt082e,data/squirrels/images/vd7vio6iah371.jpg,1622912478
115,115.0,115.0,115.0,115.0,115.0,115.0,124.0,,,https://www.reddit.com/r/squirrels/comments/nrguts/soggy_fellow_waiting_for_peanuts/,https://i.redd.it/49k46pmep2371.jpg,nrguts,data/squirrels/images/49k46pmep2371.jpg,1622735887
116,116.0,116.0,116.0,116.0,116.0,116.0,125.0,,,https://www.reddit.com/r/squirrels/comments/nq0ja0/i_wonder_what_its_looking_at_and_what_a_cool_tail/,https://i.redd.it/q170rtno3p271.jpg,nq0ja0,data/squirrels/images/q170rtno3p271.jpg,1622571191
117,117.0,117.0,117.0,117.0,117.0,117.0,126.0,,,https://www.reddit.com/r/squirrels/comments/noz000/pardon_me_are_you_open_for_business_yet/,https://i.redd.it/nq6rvil49f271.jpg,noz000,data/squirrels/images/nq6rvil49f271.jpg,1622451972
118,118.0,118.0,118.0,118.0,118.0,118.0,127.0,,,https://www.reddit.com/r/squirrels/comments/ndrdpu/hi_i_saw_this_little_rascal_today_and_i/,https://i.redd.it/h1yfjped9iz61.jpg,ndrdpu,data/squirrels/images/1yfjped9iz61.jpg,1621180812
119,119.0,119.0,119.0,119.0,119.0,119.0,128.0,,,https://www.reddit.com/r/squirrels/comments/nat1fh/hazels_mange_is_looking_a_lot_better_coconut_oil/,https://i.redd.it/mi8ccjqyvpy61.jpg,nat1fh,data/squirrels/images/mi8ccjqyvpy61.jpg,1620837327
120,120.0,120.0,120.0,120.0,120.0,120.0,130.0,,,https://www.reddit.com/r/squirrels/comments/n8ncog/a_squirrel_smiling_while_sleeping/,https://i.redd.it/3agl0y3qr5y61.jpg,n8ncog,data/squirrels/images/3agl0y3qr5y61.jpg,1620593747
121,121.0,121.0,121.0,121.0,121.0,121.0,131.0,,,https://www.reddit.com/r/squirrels/comments/n7gqiv/up_close/,https://i.redd.it/9vi5hpz1ltx61.jpg,n7gqiv,data/squirrels/images/9vi5hpz1ltx61.jpg,1620446229
122,122.0,122.0,122.0,122.0,122.0,122.0,132.0,,,https://www.reddit.com/r/squirrels/comments/n7e8t8/snack_time/,https://i.redd.it/s1crty7xusx61.jpg,n7e8t8,data/squirrels/images/1crty7xusx61.jpg,1620437441
123,123.0,123.0,123.0,123.0,123.0,123.0,133.0,,,https://www.reddit.com/r/squirrels/comments/n5xh3b/an_award_winning_smile/,https://i.redd.it/cqr3hd2dzex61.jpg,n5xh3b,data/squirrels/images/cqr3hd2dzex61.jpg,1620269427
124,124.0,124.0,124.0,124.0,124.0,124.0,134.0,,,https://www.reddit.com/r/squirrels/comments/n5sqal/meet_lester_jr/,https://i.redd.it/1wzyiq80rdx61.jpg,n5sqal,data/squirrels/images/1wzyiq80rdx61.jpg,1620254516
125,125.0,125.0,125.0,125.0,125.0,125.0,135.0,,,https://www.reddit.com/r/squirrels/comments/n1y3ov/peabody_being_all_grownup_now_and_lookn_cute_as/,https://i.redd.it/vb755lw3ccw61.jpg,n1y3ov,data/squirrels/images/vb755lw3ccw61.jpg,1619801634
126,126.0,126.0,126.0,126.0,126.0,126.0,136.0,,,https://www.reddit.com/r/squirrels/comments/n1r7r6/is_hazel_okay_is_this_just_molting_or_mange_or/,https://i.redd.it/yzxnwvyciaw61.jpg,n1r7r6,data/squirrels/images/yzxnwvyciaw61.jpg,1619779479
127,127.0,127.0,127.0,127.0,127.0,127.0,138.0,,,https://www.reddit.com/r/squirrels/comments/mz74qr/not_chonky_enough_to_be_horrigan_thinking_its_his/,https://i.redd.it/wfeq5kukukv61.jpg,mz74qr,data/squirrels/images/wfeq5kukukv61.jpg,1619468824
128,128.0,128.0,128.0,128.0,128.0,128.0,139.0,,,https://www.reddit.com/r/squirrels/comments/myl7vi/just_having_a_snack/,https://i.redd.it/aptzvdsutev61.jpg,myl7vi,data/squirrels/images/aptzvdsutev61.jpg,1619395905
129,129.0,129.0,129.0,129.0,129.0,129.0,140.0,,,https://www.reddit.com/r/squirrels/comments/mxtqc9/seed_theif/,https://i.redd.it/s539l16ly6v61.jpg,mxtqc9,data/squirrels/images/539l16ly6v61.jpg,1619300619
130,130.0,130.0,130.0,130.0,130.0,130.0,,,,https://www.reddit.com/r/squirrels/comments/mv7gjy/i_swear_he_hates_me_for_some_reason_can_usually/,https://i.redd.it/3q3snt9p5gu61.jpg,mv7gjy,data/squirrels/images/3q3snt9p5gu61.jpg,1618976311
131,131.0,131.0,131.0,131.0,131.0,131.0,,,,https://www.reddit.com/r/squirrels/comments/mui82a/heres_remy_turning_his_nose_up_at_almonds/,https://i.redd.it/m24xoeys59u61.jpg,mui82a,data/squirrels/images/m24xoeys59u61.jpg,1618891409
132,132.0,132.0,132.0,132.0,132.0,132.0,,,,https://www.reddit.com/r/squirrels/comments/mteiqa/brave_beautiful_little_hazel_stepping_into_my_lair/,https://i.redd.it/n1ag2pdz5yt61.jpg,mteiqa,data/squirrels/images/n1ag2pdz5yt61.jpg,1618758323
133,133.0,133.0,133.0,133.0,133.0,133.0,,,,https://www.reddit.com/r/squirrels/comments/mtd820/a_notsored_tamiasciurus_eating_rhododendron_bulbs/,https://i.redd.it/v63qqi1dtxt61.jpg,mtd820,data/squirrels/images/v63qqi1dtxt61.jpg,1618754060
134,134.0,134.0,134.0,134.0,134.0,134.0,,,,https://www.reddit.com/r/squirrels/comments/ms3ljl/happy_girl_or_maybe_i_just_took_a_picture_of_her/,https://i.redd.it/j85g0026jjt61.jpg,ms3ljl,data/squirrels/images/j85g0026jjt61.jpg,1618581128
135,135.0,135.0,135.0,135.0,135.0,135.0,,,,https://www.reddit.com/r/squirrels/comments/mr0qxp/what_a_cutie/,https://i.redd.it/n7gq2hq7l7t61.jpg,mr0qxp,data/squirrels/images/n7gq2hq7l7t61.jpg,1618436529
136,136.0,136.0,136.0,136.0,136.0,137.0,,,,https://www.reddit.com/r/squirrels/comments/mmemjt/i_thought_that_it_was_a_plush_toy_on_my_porch_at/,https://i.redd.it/5j3v1bn34ur61.jpg,mmemjt,data/squirrels/images/5j3v1bn34ur61.jpg,1617837539
137,137.0,137.0,137.0,137.0,137.0,138.0,,,,https://www.reddit.com/r/squirrels/comments/mlazom/id_love_to_pet_herhim_on_the_head/,https://i.redd.it/ztn88wzvvjr61.jpg,mlazom,data/squirrels/images/ztn88wzvvjr61.jpg,1617713709
138,138.0,138.0,138.0,138.0,138.0,140.0,,,,https://www.reddit.com/r/squirrels/comments/mksg68/what_a_pretty_squirrel/,https://i.redd.it/bzy6atvvmer61.jpg,mksg68,data/squirrels/images/bzy6atvvmer61.jpg,1617650149
139,139.0,139.0,139.0,139.0,139.0,141.0,,,,https://www.reddit.com/r/squirrels/comments/mkoqel/winston_is_flexing_for_the_payment_that_is_owed/,https://i.redd.it/j51n4z8yg0r61.jpg,mkoqel,data/squirrels/images/j51n4z8yg0r61.jpg,1617640273
140,140.0,140.0,140.0,140.0,140.0,142.0,,,,https://www.reddit.com/r/squirrels/comments/mj7z33/i_see_your_hamburger_bun_and_raise_you/,https://i.redd.it/p6vh7z5fhyq61.jpg,mj7z33,data/squirrels/images/6vh7z5fhyq61.jpg,1617454599
141,141.0,141.0,141.0,141.0,141.0,143.0,,,,https://www.reddit.com/r/squirrels/comments/miq7v8/what_a_cute_face/,https://i.redd.it/481gwcdhysq61.jpg,miq7v8,data/squirrels/images/481gwcdhysq61.jpg,1617387693
142,142.0,142.0,142.0,142.0,142.0,144.0,,,,https://www.reddit.com/r/squirrels/comments/mhgc0t/what_a_cutie/,https://i.redd.it/v3q9abo2nfq61.jpg,mhgc0t,data/squirrels/images/v3q9abo2nfq61.jpg,1617226465
143,143.0,143.0,143.0,143.0,143.0,145.0,,,,https://www.reddit.com/r/squirrels/comments/mhgb71/squirrel/,https://i.redd.it/mapzs22vmfq61.jpg,mhgb71,data/squirrels/images/mapzs22vmfq61.jpg,1617226395
144,144.0,144.0,144.0,144.0,144.0,146.0,,,,https://www.reddit.com/r/squirrels/comments/mhegf4/the_rat_was_right_pizza_is_amazing/,https://i.redd.it/5sevtc427fq61.jpg,mhegf4,data/squirrels/images/5sevtc427fq61.jpg,1617221081
145,145.0,145.0,145.0,145.0,145.0,147.0,,,,https://www.reddit.com/r/squirrels/comments/mfwzu6/getting_ready_for_breakfast/,https://i.redd.it/5926cwmkn0q61.jpg,mfwzu6,data/squirrels/images/5926cwmkn0q61.jpg,1617045031
146,146.0,146.0,146.0,146.0,146.0,148.0,,,,https://www.reddit.com/r/squirrels/comments/m751w8/squirrel/,https://i.redd.it/lq733arodmn61.jpg,m751w8,data/squirrels/images/lq733arodmn61.jpg,1616000514
147,147.0,147.0,147.0,147.0,147.0,149.0,,,,https://www.reddit.com/r/squirrels/comments/m6elv3/staring_at_me/,https://i.redd.it/xh4fp751ffn61.jpg,m6elv3,data/squirrels/images/xh4fp751ffn61.jpg,1615916221
148,148.0,148.0,148.0,148.0,148.0,150.0,,,,https://www.reddit.com/r/squirrels/comments/m6djzj/i_love_these_rodents_theyre_so_cool_and_cute/,https://i.redd.it/bu00s0627fn61.jpg,m6djzj,data/squirrels/images/bu00s0627fn61.jpg,1615913548
149,149.0,149.0,149.0,149.0,149.0,151.0,,,,https://www.reddit.com/r/squirrels/comments/m5w8up/is_this_a_rock_squirrel/,https://i.redd.it/il1cdbndaan61.jpg,m5w8up,data/squirrels/images/l1cdbndaan61.jpg,1615854118
150,150.0,150.0,150.0,150.0,150.0,152.0,,,,https://www.reddit.com/r/squirrels/comments/m3rim9/howdy/,https://i.redd.it/w49xo87eznm61.jpg,m3rim9,data/squirrels/images/w49xo87eznm61.jpg,1615584183
151,151.0,151.0,151.0,151.0,151.0,153.0,,,,https://www.reddit.com/r/squirrels/comments/m20ldz/reginas_way_of_saying_i_dont_have_all_day_here/,https://i.redd.it/t96bxho238m61.jpg,m20ldz,data/squirrels/images/96bxho238m61.jpg,1615391600
152,152.0,152.0,152.0,152.0,152.0,155.0,,,,https://www.reddit.com/r/squirrels/comments/lpsshd/sonnys_chonky_yet_fonky/,https://i.redd.it/4px4kr0832j61.jpg,lpsshd,data/squirrels/images/4px4kr0832j61.jpg,1614011515
153,153.0,153.0,153.0,153.0,153.0,156.0,,,,https://www.reddit.com/r/squirrels/comments/lonos3/back_lit_squirrel_in_the_park_nyc_fort_tryon_park/,https://i.redd.it/nvfy87h40ri61.jpg,lonos3,data/squirrels/images/nvfy87h40ri61.jpg,1613877246
154,154.0,154.0,154.0,154.0,154.0,157.0,,,,https://www.reddit.com/r/squirrels/comments/lm08b5/the_squirrels_in_texas_are_also_done_with_this/,https://i.redd.it/37qa51cps2i61.jpg,lm08b5,data/squirrels/images/37qa51cps2i61.jpg,1613584186
155,155.0,155.0,155.0,155.0,155.0,158.0,,,,https://www.reddit.com/r/squirrels/comments/lke3y1/they_shared_for_two_minutes_before_fighting_over/,https://i.redd.it/p5kob6jxcnh61.jpg,lke3y1,data/squirrels/images/5kob6jxcnh61.jpg,1613397278
156,156.0,156.0,156.0,156.0,156.0,159.0,,,,https://www.reddit.com/r/squirrels/comments/ljt8vs/legit_grocery_store_valentines_day_card/,https://i.redd.it/wx3ncx6qdhh61.jpg,ljt8vs,data/squirrels/images/wx3ncx6qdhh61.jpg,1613324903
157,157.0,157.0,157.0,157.0,157.0,160.0,,,,https://www.reddit.com/r/squirrels/comments/ljss4f/name_my_neighborhood_squirrel/,https://i.redd.it/xhck0air9hh61.jpg,ljss4f,data/squirrels/images/xhck0air9hh61.jpg,1613323572
158,158.0,158.0,158.0,158.0,158.0,161.0,,,,https://www.reddit.com/r/squirrels/comments/lil2nh/when_a_hawk_lands_in_your_tree/,https://i.redd.it/jq3cdr1u54h61.jpg,lil2nh,data/squirrels/images/jq3cdr1u54h61.jpg,1613164860
159,159.0,159.0,159.0,159.0,159.0,162.0,,,,https://www.reddit.com/r/squirrels/comments/lgzbvy/snow_squirrel_only_comes_out_if_i_offer_food/,https://i.redd.it/wjjgjan1vog61.jpg,lgzbvy,data/squirrels/images/wjjgjan1vog61.jpg,1612979628
160,160.0,160.0,160.0,160.0,160.0,163.0,,,,https://www.reddit.com/r/squirrels/comments/lg96oq/squirrel/,https://i.redd.it/6rs0fr4crhg61.jpg,lg96oq,data/squirrels/images/6rs0fr4crhg61.jpg,1612893635
161,161.0,161.0,161.0,161.0,161.0,164.0,,,,https://www.reddit.com/r/squirrels/comments/lbxwq2/big_critter_eating_its_food/,https://i.redd.it/y2ba56hcsbf61.jpg,lbxwq2,data/squirrels/images/y2ba56hcsbf61.jpg,1612385483
162,162.0,162.0,162.0,162.0,162.0,165.0,,,,https://www.reddit.com/r/squirrels/comments/l7kakx/close_up_of_rudy_the_squirrel_with_a_fluffy_tail/,https://i.redd.it/lywifoqai7e61.jpg,l7kakx,data/squirrels/images/lywifoqai7e61.jpg,1611897827
163,163.0,163.0,163.0,163.0,163.0,166.0,,,,https://www.reddit.com/r/squirrels/comments/l7387f/first_time_squirrel_to_sit_on_the_table_ill_get/,https://i.redd.it/fscum0y8z3e61.jpg,l7387f,data/squirrels/images/fscum0y8z3e61.jpg,1611855102
164,164.0,164.0,164.0,164.0,164.0,167.0,,,,https://www.reddit.com/r/squirrels/comments/l709i8/the_birds_want_me_to_put_carpet_up_there_to_cut/,https://i.redd.it/n3mzirarg3e61.jpg,l709i8,data/squirrels/images/n3mzirarg3e61.jpg,1611848905
165,165.0,165.0,165.0,165.0,165.0,168.0,,,,https://www.reddit.com/r/squirrels/comments/l2284v/fuzzy_umbrella/,https://i.redd.it/uhazb2b3tpc61.jpg,l2284v,data/squirrels/images/uhazb2b3tpc61.jpg,1611247693
166,166.0,166.0,166.0,166.0,166.0,170.0,,,,https://www.reddit.com/r/squirrels/comments/kzfcbt/saw_this_in_another_sub_its_not_metal_or/,https://i.redd.it/yyejqx1wtwb61.jpg,kzfcbt,data/squirrels/images/yyejqx1wtwb61.jpg,1610918590
167,167.0,167.0,167.0,167.0,167.0,171.0,,,,https://www.reddit.com/r/squirrels/comments/kzcztx/your_bird_feeder_needs_refilling/,https://i.redd.it/0n3bi00m1yb61.jpg,kzcztx,data/squirrels/images/0n3bi00m1yb61.jpg,1610911558
168,168.0,168.0,168.0,168.0,168.0,172.0,,,,https://www.reddit.com/r/squirrels/comments/kz0qck/yellowbellied_marmot_aka_rock_chuck_marmota/,https://i.redd.it/dswktih81ub61.jpg,kz0qck,data/squirrels/images/wktih81ub61.jpg,1610863009
169,169.0,169.0,169.0,169.0,169.0,173.0,,,,https://www.reddit.com/r/squirrels/comments/kvvjq8/squirrel_eating_rice/,https://i.redd.it/djhggfdumxa61.jpg,kvvjq8,data/squirrels/images/jhggfdumxa61.jpg,1610470752
170,170.0,170.0,170.0,170.0,170.0,175.0,,,,https://www.reddit.com/r/squirrels/comments/kuipuk/one_of_my_boys_they_only_seem_to_be_boys_round_me/,https://i.redd.it/2ibgq8uhija61.jpg,kuipuk,data/squirrels/images/2ibgq8uhija61.jpg,1610299786
171,171.0,171.0,171.0,171.0,171.0,176.0,,,,https://www.reddit.com/r/squirrels/comments/krga2n/california_ground_squirrel_otospermophilus/,https://i.redd.it/td9fyj7g3n961.jpg,krga2n,data/squirrels/images/9fyj7g3n961.jpg,1609907310
172,172.0,172.0,172.0,172.0,172.0,177.0,,,,https://www.reddit.com/r/squirrels/comments/kr4zje/earl_is_much_drier_now_that_the_snow_is_gone/,https://i.redd.it/s6y1gg5a9k961.jpg,kr4zje,data/squirrels/images/6y1gg5a9k961.jpg,1609872945
173,173.0,173.0,173.0,173.0,173.0,178.0,,,,https://www.reddit.com/r/squirrels/comments/kpizht/earl_is_not_happy_about_the_rain_and_snow/,https://i.redd.it/750czht0q3961.jpg,kpizht,data/squirrels/images/750czht0q3961.jpg,1609672758
174,174.0,174.0,174.0,174.0,174.0,180.0,,,,https://www.reddit.com/r/squirrels/comments/kojhue/looks_like_heshe_is_digging_in_my_backyard/,https://i.redd.it/4jsgaohogs861.jpg,kojhue,data/squirrels/images/4jsgaohogs861.jpg,1609536440
175,175.0,175.0,175.0,175.0,175.0,181.0,,,,https://www.reddit.com/r/squirrels/comments/knzpil/no_as_a_matter_of_fact_ive_not_had_enough_corn/,https://i.redd.it/iadphztvol861.jpg,knzpil,data/squirrels/images/adphztvol861.jpg,1609454452
176,176.0,176.0,176.0,176.0,176.0,,,,,https://www.reddit.com/r/squirrels/comments/kmqv0z/i_call_this_cute_little_friend_june_bug_or_junie/,https://i.redd.it/kb8s6azuy7861.jpg,kmqv0z,data/squirrels/images/kb8s6azuy7861.jpg,1609288309
177,177.0,177.0,177.0,177.0,177.0,,,,,https://www.reddit.com/r/squirrels/comments/kmi5mg/i_feel_like_im_being_judged/,https://i.redd.it/ohu3t9lcq5861.jpg,kmi5mg,data/squirrels/images/ohu3t9lcq5861.jpg,1609261268
178,178.0,178.0,178.0,178.0,178.0,,,,,https://www.reddit.com/r/squirrels/comments/klm280/i_heard_you_guys_like_chunky_squirrels/,https://i.redd.it/iusrdr1iuv761.jpg,klm280,data/squirrels/images/usrdr1iuv761.jpg,1609141561
179,179.0,179.0,179.0,179.0,179.0,,,,,https://www.reddit.com/r/squirrels/comments/kjooys/felt_like_this_also_belonged_here/,https://i.redd.it/ur1823pru7761.jpg,kjooys,data/squirrels/images/ur1823pru7761.jpg,1608851148
180,180.0,180.0,180.0,180.0,180.0,,,,,https://www.reddit.com/r/squirrels/comments/kigyif/gherkin_practicing_extra_cute/,https://i.redd.it/u9nmussnot661.jpg,kigyif,data/squirrels/images/u9nmussnot661.jpg,1608680070
181,181.0,181.0,181.0,181.0,181.0,,,,,https://www.reddit.com/r/squirrels/comments/kgdus1/having_hisher_lunch/,https://i.redd.it/xqms8z8by6661.jpg,kgdus1,data/squirrels/images/xqms8z8by6661.jpg,1608404328
182,182.0,182.0,182.0,182.0,182.0,,,,,https://www.reddit.com/r/squirrels/comments/kgauup/i_cant_say_no_to_that_face/,https://i.redd.it/goou681k76661.jpg,kgauup,data/squirrels/images/goou681k76661.jpg,1608395323
183,183.0,183.0,183.0,183.0,184.0,,,,,https://www.reddit.com/r/squirrels/comments/kfmkmt/i_just_want_give_this_squirrel_a_hug_its_so_cute/,https://i.redd.it/mp3ajfk7my561.jpg,kfmkmt,data/squirrels/images/mp3ajfk7my561.jpg,1608303397
184,184.0,184.0,184.0,184.0,185.0,,,,,https://www.reddit.com/r/squirrels/comments/kf4w9x/hello/,https://i.redd.it/otp7k7zvys561.jpg,kf4w9x,data/squirrels/images/otp7k7zvys561.jpg,1608235051
185,185.0,185.0,185.0,185.0,186.0,,,,,https://www.reddit.com/r/squirrels/comments/ke1nvc/scrags_was_looking_extra_cute_today_she_was_very/,https://i.redd.it/a2ndpww91h561.jpg,ke1nvc,data/squirrels/images/a2ndpww91h561.jpg,1608090542
186,186.0,186.0,186.0,186.0,187.0,,,,,https://www.reddit.com/r/squirrels/comments/kd4p0b/our_little_squirrel_friend_jubs_abscess_has/,https://i.redd.it/05dtejzig7561.jpg,kd4p0b,data/squirrels/images/05dtejzig7561.jpg,1607974601
187,187.0,187.0,187.0,187.0,188.0,,,,,https://www.reddit.com/r/squirrels/comments/kbwdqz/another_visit_from_earl_the_squirrel/,https://i.redd.it/kyndt91zgt461.jpg,kbwdqz,data/squirrels/images/kyndt91zgt461.jpg,1607805254
188,188.0,188.0,188.0,188.0,189.0,,,,,https://www.reddit.com/r/squirrels/comments/kbh3ek/my_bud_earl_enjoying_a_peanut/,https://i.redd.it/uxe4uvkn5o461.jpg,kbh3ek,data/squirrels/images/uxe4uvkn5o461.jpg,1607740914
189,189.0,189.0,189.0,189.0,192.0,,,,,https://www.reddit.com/r/squirrels/comments/k79ume/its_probably_wondering_what_that_little_dumbbell/,https://i.redd.it/0lh3sp615e361.jpg,k79ume,data/squirrels/images/0lh3sp615e361.jpg,1607183787
190,190.0,190.0,190.0,190.0,193.0,,,,,https://www.reddit.com/r/squirrels/comments/k4z2x5/sir_chunkington_everyone/,https://i.redd.it/pidv8mv8fo261.jpg,k4z2x5,data/squirrels/images/v8mv8fo261.jpg,1606872442
191,191.0,191.0,191.0,191.0,194.0,,,,,https://www.reddit.com/r/squirrels/comments/k2uqz3/clive_the_thinker/,https://i.redd.it/uv67w3mrg1261.jpg,k2uqz3,data/squirrels/images/uv67w3mrg1261.jpg,1606594495
192,192.0,192.0,192.0,192.0,195.0,,,,,https://www.reddit.com/r/squirrels/comments/jzsbo6/weresquirrelhowling/,https://i.redd.it/zppqeq7sh2161.jpg,jzsbo6,data/squirrels/images/zppqeq7sh2161.jpg,1606171146
193,193.0,193.0,193.0,193.0,196.0,,,,,https://www.reddit.com/r/squirrels/comments/jycfaf/nom_nom/,https://i.redd.it/413kfb5w1m061.jpg,jycfaf,data/squirrels/images/413kfb5w1m061.jpg,1605972042
194,194.0,194.0,194.0,194.0,197.0,,,,,https://www.reddit.com/r/squirrels/comments/jxgjv3/kris_enjoying_some_of_the_food_i_laid_out_for_him/,https://i.redd.it/qjqjf62r0b061.jpg,jxgjv3,data/squirrels/images/qjqjf62r0b061.jpg,1605838482
195,195.0,195.0,195.0,195.0,198.0,,,,,https://www.reddit.com/r/squirrels/comments/jwun98/dont_mind_me_just_politely_asking_for_peanuts/,https://i.redd.it/dwcl3q6m34061.jpg,jwun98,data/squirrels/images/wcl3q6m34061.jpg,1605754696
196,196.0,196.0,196.0,196.0,199.0,,,,,https://www.reddit.com/r/squirrels/comments/jworso/et_tu_brute_no_squirrels_were_harmed_during_or/,https://i.redd.it/dijywztuf2061.jpg,jworso,data/squirrels/images/jywztuf2061.jpg,1605734598
197,197.0,197.0,197.0,197.0,200.0,,,,,https://www.reddit.com/r/squirrels/comments/jvsys3/stump_squirrel/,https://i.redd.it/wl30g0maysz51.jpg,jvsys3,data/squirrels/images/wl30g0maysz51.jpg,1605619731
198,198.0,198.0,198.0,198.0,201.0,,,,,https://www.reddit.com/r/squirrels/comments/jvj0pi/almost_out_of_nuts_so_had_to_ration_their/,https://i.redd.it/zqtrc1i25pz51.jpg,jvj0pi,data/squirrels/images/zqtrc1i25pz51.jpg,1605573584
199,199.0,199.0,199.0,199.0,202.0,,,,,https://www.reddit.com/r/squirrels/comments/jubnuv/this_little_guy_was_kind_enough_to_pose_for_me/,https://i.redd.it/4u10n1jxiaz51.jpg,jubnuv,data/squirrels/images/4u10n1jxiaz51.jpg,1605396662
200,200.0,200.0,200.0,200.0,203.0,,,,,https://www.reddit.com/r/squirrels/comments/js576e/speckles_acting_cute_in_my_kitchen_window/,https://i.redd.it/jhp6l72zyky51.jpg,js576e,data/squirrels/images/jhp6l72zyky51.jpg,1605087258
201,201.0,201.0,201.0,201.0,204.0,,,,,https://www.reddit.com/r/squirrels/comments/jra843/one_of_my_first_fox_squirrel_buddies_when_i_lived/,https://i.redd.it/pitn4hxr4by51.jpg,jra843,data/squirrels/images/n4hxr4by51.jpg,1604968143
202,202.0,202.0,202.0,202.0,205.0,,,,,https://www.reddit.com/r/squirrels/comments/jr6nls/its_ears_look_cute/,https://i.redd.it/z7ja9by07ay51.jpg,jr6nls,data/squirrels/images/z7ja9by07ay51.jpg,1604956790
203,203.0,203.0,203.0,203.0,206.0,,,,,https://www.reddit.com/r/squirrels/comments/jr65ot/pretty_tail_and_adorable_face/,https://i.redd.it/v16ys74q2ay51.jpg,jr65ot,data/squirrels/images/v16ys74q2ay51.jpg,1604955343
204,204.0,204.0,204.0,204.0,207.0,,,,,https://www.reddit.com/r/squirrels/comments/jqo16k/_/,https://i.redd.it/82o0g7lc94y51.jpg,jqo16k,data/squirrels/images/82o0g7lc94y51.jpg,1604884928
205,205.0,205.0,205.0,205.0,208.0,,,,,https://www.reddit.com/r/squirrels/comments/jo99ga/_/,https://i.redd.it/kp5z2ry2obx51.jpg,jo99ga,data/squirrels/images/kp5z2ry2obx51.jpg,1604538784
206,206.0,206.0,206.0,206.0,209.0,,,,,https://www.reddit.com/r/squirrels/comments/jo1t1m/hungry/,https://i.redd.it/usjg8cmzl9x51.jpg,jo1t1m,data/squirrels/images/usjg8cmzl9x51.jpg,1604513865
207,207.0,207.0,207.0,207.0,210.0,,,,,https://www.reddit.com/r/squirrels/comments/jnmb9o/mmm_pine_cones/,https://i.redd.it/kmovklpp84x51.jpg,jnmb9o,data/squirrels/images/kmovklpp84x51.jpg,1604448893
208,208.0,208.0,208.0,208.0,211.0,,,,,https://www.reddit.com/r/squirrels/comments/jne2t6/aww/,https://i.redd.it/ywcacv9n32x51.jpg,jne2t6,data/squirrels/images/ywcacv9n32x51.jpg,1604422949
209,209.0,209.0,209.0,209.0,212.0,,,,,https://www.reddit.com/r/squirrels/comments/jkbnl2/favorite_past_time_throwing_pine_cones_at/,https://i.redd.it/76karoiut1w51.jpg,jkbnl2,data/squirrels/images/76karoiut1w51.jpg,1603983805
210,210.0,210.0,210.0,210.0,213.0,,,,,https://www.reddit.com/r/squirrels/comments/jkb6g1/right_now_every_day_feels_like_groundhog_day/,https://i.redd.it/cdgthff4p1w51.jpg,jkb6g1,data/squirrels/images/cdgthff4p1w51.jpg,1603982218
211,211.0,211.0,211.0,211.0,214.0,,,,,https://www.reddit.com/r/squirrels/comments/jimccf/couldnt_stop_the_chonkers_from_eating_the_jack/,https://i.redd.it/0ij9o7gfzhv51.jpg,jimccf,data/squirrels/images/0ij9o7gfzhv51.jpg,1603743546
212,212.0,212.0,212.0,212.0,215.0,,,,,https://www.reddit.com/r/squirrels/comments/jhws73/will_you_give_him_a_kiss/,https://i.redd.it/f3uzaao9v9v51.jpg,jhws73,data/squirrels/images/f3uzaao9v9v51.jpg,1603645290
213,213.0,213.0,213.0,213.0,218.0,,,,,https://www.reddit.com/r/squirrels/comments/jds6jm/sweet_little_friend/,https://i.redd.it/tpb4opljayt51.jpg,jds6jm,data/squirrels/images/b4opljayt51.jpg,1603069297
214,214.0,214.0,214.0,214.0,219.0,,,,,https://www.reddit.com/r/squirrels/comments/jcnwro/i_dont_know_how_to_get_a_clear_photo_on_my_dslr/,https://i.redd.it/0tmrdj4iokt51.jpg,jcnwro,data/squirrels/images/0tmrdj4iokt51.jpg,1602904501
215,215.0,215.0,215.0,215.0,221.0,,,,,https://www.reddit.com/r/squirrels/comments/j9v2tq/saw_this_hungry_guy_while_out_on_a_walk/,https://i.redd.it/nywekw0b6ps51.jpg,j9v2tq,data/squirrels/images/nywekw0b6ps51.jpg,1602523061
216,216.0,216.0,216.0,216.0,222.0,,,,,https://www.reddit.com/r/squirrels/comments/j3qyje/more_pics_from_my_lockdown_buddy/,https://i.redd.it/4lb8udu18nq51.jpg,j3qyje,data/squirrels/images/4lb8udu18nq51.jpg,1601627739
217,217.0,217.0,217.0,217.0,223.0,,,,,https://www.reddit.com/r/squirrels/comments/j2r13c/say_cheese/,https://i.redd.it/1a0puue5pbq51.jpg,j2r13c,data/squirrels/images/1a0puue5pbq51.jpg,1601488207
218,218.0,218.0,218.0,218.0,224.0,,,,,https://www.reddit.com/r/squirrels/comments/j1p479/i_pledge_allegiance/,https://i.redd.it/cb7hgeahkzp51.jpg,j1p479,data/squirrels/images/cb7hgeahkzp51.jpg,1601341352
219,219.0,219.0,219.0,221.0,,,,,,https://www.reddit.com/r/squirrels/comments/iva460/blue_squirrel/,https://i.redd.it/9bjxrh0nuxn51.jpg,iva460,data/squirrels/images/9bjxrh0nuxn51.jpg,1600448860
220,220.0,220.0,220.0,222.0,,,,,,https://www.reddit.com/r/squirrels/comments/itz3wn/friendly_squirrel_enjoying_a_fry_on_the/,https://i.redd.it/526j5nozejn51.jpg,itz3wn,data/squirrels/images/526j5nozejn51.jpg,1600274100
221,221.0,221.0,221.0,223.0,,,,,,https://www.reddit.com/r/squirrels/comments/it73av/beautiful_mr_silky/,https://i.redd.it/zqaq0by2uan51.jpg,it73av,data/squirrels/images/zqaq0by2uan51.jpg,1600170213
222,222.0,222.0,222.0,224.0,,,,,,https://www.reddit.com/r/squirrels/comments/iqs5jy/pregnant_squirrel/,https://i.redd.it/bdt9hrev9jm51.jpg,iqs5jy,data/squirrels/images/bdt9hrev9jm51.jpg,1599836536
223,223.0,223.0,223.0,226.0,,,,,,https://www.reddit.com/r/squirrels/comments/io9t4d/one_sweet_neighbourhood_oneeyed_squirrel/,https://i.redd.it/fph4eda0yql51.jpg,io9t4d,data/squirrels/images/fph4eda0yql51.jpg,1599493551
224,224.0,224.0,224.0,227.0,,,,,,https://www.reddit.com/r/squirrels/comments/inarr5/111_degrees_out_today_we_made_sure_to_leave/,https://i.redd.it/15w0m4pirel51.jpg,inarr5,data/squirrels/images/15w0m4pirel51.jpg,1599346087
225,225.0,225.0,225.0,228.0,,,,,,https://www.reddit.com/r/squirrels/comments/ik7s8s/ferocious_rambi/,https://i.redd.it/fg6h33m2wek51.jpg,ik7s8s,data/squirrels/images/fg6h33m2wek51.jpg,1598911767
226,226.0,226.0,226.0,229.0,,,,,,https://www.reddit.com/r/squirrels/comments/ih8n1x/little_tummy/,https://i.redd.it/0gde3d4f7fj51.jpg,ih8n1x,data/squirrels/images/0gde3d4f7fj51.jpg,1598479734
227,227.0,227.0,227.0,230.0,,,,,,https://www.reddit.com/r/squirrels/comments/ifydh1/strange_looking_cup/,https://i.redd.it/iqqsirdsq0j51.jpg,ifydh1,data/squirrels/images/qqsirdsq0j51.jpg,1598304644
228,228.0,228.0,228.0,232.0,,,,,,https://www.reddit.com/r/squirrels/comments/ibc3wc/one_of_my_backyard_babies_stopping_by_for/,https://i.redd.it/aj512398pjh51.jpg,ibc3wc,data/squirrels/images/aj512398pjh51.jpg,1597662459
229,229.0,229.0,229.0,233.0,,,,,,https://www.reddit.com/r/squirrels/comments/i9ymcr/surprise/,https://i.redd.it/5uy2wuwaj2h51.jpg,i9ymcr,data/squirrels/images/5uy2wuwaj2h51.jpg,1597454645
230,230.0,230.0,230.0,234.0,,,,,,https://www.reddit.com/r/squirrels/comments/i84iq9/dscf7674/,https://i.redd.it/yqunk7vj4hg51.jpg,i84iq9,data/squirrels/images/yqunk7vj4hg51.jpg,1597195454
231,231.0,231.0,231.0,235.0,,,,,,https://www.reddit.com/r/squirrels/comments/i72iw3/my_name_is_squirrel_montoya/,https://i.redd.it/fzgxna4mm5g51.jpg,i72iw3,data/squirrels/images/fzgxna4mm5g51.jpg,1597056231
232,232.0,232.0,232.0,237.0,,,,,,https://www.reddit.com/r/squirrels/comments/i4zhpu/this_is_my_moms_little_buddy_we_call_him_baby_and/,https://i.redd.it/uevswsbwyff51.jpg,i4zhpu,data/squirrels/images/uevswsbwyff51.jpg,1596745583
233,233.0,233.0,233.0,239.0,,,,,,https://www.reddit.com/r/squirrels/comments/i3utpj/look_at_em/,https://i.redd.it/mxhy2gc7r2f51.jpg,i3utpj,data/squirrels/images/mxhy2gc7r2f51.jpg,1596585606
234,234.0,234.0,234.0,240.0,,,,,,https://www.reddit.com/r/squirrels/comments/hyiao0/winter_grooming/,https://i.redd.it/sghrhnq8qad51.jpg,hyiao0,data/squirrels/images/ghrhnq8qad51.jpg,1595810441
235,235.0,235.0,235.0,241.0,,,,,,https://www.reddit.com/r/squirrels/comments/hwsro6/hey_so_this_is_my_squirrel_he_started_balding_and/,https://i.redd.it/pveoyakampc51.jpg,hwsro6,data/squirrels/images/veoyakampc51.jpg,1595554869
236,236.0,236.0,236.0,242.0,,,,,,https://www.reddit.com/r/squirrels/comments/hv5oik/strrreeeeetttch/,https://i.redd.it/s07h2lku37c51.jpg,hv5oik,data/squirrels/images/07h2lku37c51.jpg,1595330743
237,237.0,237.0,237.0,243.0,,,,,,https://www.reddit.com/r/squirrels/comments/hupguv/standing_around/,https://i.redd.it/bsc49v0cr1c51.jpg,hupguv,data/squirrels/images/bsc49v0cr1c51.jpg,1595265999
238,238.0,238.0,238.0,244.0,,,,,,https://www.reddit.com/r/squirrels/comments/humdtb/the_queen_of_my_yard/,https://i.redd.it/pe2wcu4ex0c51.jpg,humdtb,data/squirrels/images/2wcu4ex0c51.jpg,1595255932
239,239.0,239.0,239.0,245.0,,,,,,https://www.reddit.com/r/squirrels/comments/hu2jf0/just_got_a_new_deck_and_we_already_have_a_new/,https://i.redd.it/uriei3n64ub51.jpg,hu2jf0,data/squirrels/images/uriei3n64ub51.jpg,1595173465
240,240.0,240.0,240.0,246.0,,,,,,https://www.reddit.com/r/squirrels/comments/hto2nd/peek/,https://i.redd.it/ig8u54vfjob51.jpg,hto2nd,data/squirrels/images/g8u54vfjob51.jpg,1595105955
241,241.0,241.0,241.0,247.0,,,,,,https://www.reddit.com/r/squirrels/comments/ht9zdc/the_prettiest_flower/,https://i.redd.it/67xl2vpldjb51.jpg,ht9zdc,data/squirrels/images/67xl2vpldjb51.jpg,1595043457
242,242.0,242.0,242.0,248.0,,,,,,https://www.reddit.com/r/squirrels/comments/ht0zpo/find_the_second_little_buddy/,https://i.redd.it/no40huk5ngb51.jpg,ht0zpo,data/squirrels/images/no40huk5ngb51.jpg,1595010370
243,243.0,243.0,243.0,250.0,,,,,,https://www.reddit.com/r/squirrels/comments/hryxy4/just_a_squirrel_tryin_to_get_a_peanut/,https://i.redd.it/d8wf7b2ey3b51.jpg,hryxy4,data/squirrels/images/8wf7b2ey3b51.jpg,1594856743
244,244.0,244.0,244.0,251.0,,,,,,https://www.reddit.com/r/squirrels/comments/hrrpjx/it_wasnt_me_if_i_stand_here_and_look_innocent/,https://i.redd.it/c2ub8g3k12b51.jpg,hrrpjx,data/squirrels/images/c2ub8g3k12b51.jpg,1594833590
245,245.0,245.0,245.0,252.0,,,,,,https://www.reddit.com/r/squirrels/comments/hpm1jk/its_so_hot_the_poor_guy_melted/,https://i.redd.it/wvz2qbczxba51.jpg,hpm1jk,data/squirrels/images/wvz2qbczxba51.jpg,1594517607
246,246.0,246.0,246.0,253.0,,,,,,https://www.reddit.com/r/squirrels/comments/hot7aa/partial_albino_red_squirrel/,https://i.redd.it/0k7a3va2f2a51.jpg,hot7aa,data/squirrels/images/0k7a3va2f2a51.jpg,1594402286
247,247.0,247.0,247.0,254.0,,,,,,https://www.reddit.com/r/squirrels/comments/hnsfc6/the_little_squirrel_with_a_white_tail_i_mentioned/,https://i.redd.it/xxga8qul0q951.jpg,hnsfc6,data/squirrels/images/xxga8qul0q951.jpg,1594252140
248,248.0,248.0,248.0,255.0,,,,,,https://www.reddit.com/r/squirrels/comments/hmcops/looking_so_precious/,https://i.redd.it/eaq7mmh21a951.jpg,hmcops,data/squirrels/images/aq7mmh21a951.jpg,1594058585
249,249.0,249.0,249.0,256.0,,,,,,https://www.reddit.com/r/squirrels/comments/hia03w/look_who_joined_me_for_breakfast_on_the_porch/,https://i.redd.it/cetmk8v2ax751.jpg,hia03w,data/squirrels/images/cetmk8v2ax751.jpg,1593468378
250,250.0,250.0,250.0,257.0,,,,,,https://www.reddit.com/r/squirrels/comments/hhrsud/eastern_gray_near_tacoma_oc/,https://i.redd.it/pnc6iwpdir751.jpg,hhrsud,data/squirrels/images/nc6iwpdir751.jpg,1593398541
251,251.0,251.0,251.0,259.0,,,,,,https://www.reddit.com/r/squirrels/comments/hfw3d3/watashi_no_stando_trashy_squirrel/,https://i.redd.it/xrfukuj9z4751.jpg,hfw3d3,data/squirrels/images/xrfukuj9z4751.jpg,1593125746
252,252.0,252.0,252.0,261.0,,,,,,https://www.reddit.com/r/squirrels/comments/hf1ese/relaxing_in_the_tree/,https://i.redd.it/7xw1812m5v651.jpg,hf1ese,data/squirrels/images/7xw1812m5v651.jpg,1593006850
253,253.0,253.0,253.0,262.0,,,,,,https://www.reddit.com/r/squirrels/comments/hcdpnb/i_always_keep_several_sources_of_water_out_on/,https://i.redd.it/c4hiquus2z551.jpg,hcdpnb,data/squirrels/images/c4hiquus2z551.jpg,1592618447
254,254.0,254.0,254.0,263.0,,,,,,https://www.reddit.com/r/squirrels/comments/hat77l/little_guy_we_were_feeding_sorry_about_the_poor/,https://i.redd.it/uk1ouzxomh551.jpg,hat77l,data/squirrels/images/uk1ouzxomh551.jpg,1592407215
255,255.0,255.0,255.0,264.0,,,,,,https://www.reddit.com/r/squirrels/comments/gxujir/good_morning_any_peanuts_available/,https://i.redd.it/fq2ym7ljlb351.jpg,gxujir,data/squirrels/images/fq2ym7ljlb351.jpg,1591462498
256,256.0,256.0,256.0,265.0,,,,,,https://www.reddit.com/r/squirrels/comments/gw18r4/is_this_squirrels_fur_loss_indicative_of/,https://i.redd.it/kd028hun2r251.jpg,gw18r4,data/squirrels/images/kd028hun2r251.jpg,1591214001
257,257.0,257.0,257.0,266.0,,,,,,https://www.reddit.com/r/squirrels/comments/gvd1le/little_gal_enjoying_the_scent_of_the_rose/,https://i.redd.it/5bea89qykj251.jpg,gvd1le,data/squirrels/images/5bea89qykj251.jpg,1591123301
258,258.0,258.0,258.0,267.0,,,,,,https://www.reddit.com/r/squirrels/comments/gu7v5h/red_squirrel_in_puget_sound_region/,https://i.redd.it/ypfwh15t96251.jpg,gu7v5h,data/squirrels/images/ypfwh15t96251.jpg,1590962189
259,259.0,259.0,259.0,268.0,,,,,,https://www.reddit.com/r/squirrels/comments/gtcuri/another_picture_of_my_little_friend_the/,https://i.redd.it/cunhyv0y1w151.jpg,gtcuri,data/squirrels/images/cunhyv0y1w151.jpg,1590838446
260,260.0,260.0,260.0,270.0,,,,,,https://www.reddit.com/r/squirrels/comments/grslxr/mama_squirrel_has_something_going_on_with_her/,https://i.redd.it/ywl9k1gpjd151.jpg,grslxr,data/squirrels/images/ywl9k1gpjd151.jpg,1590614388
261,261.0,261.0,261.0,271.0,,,,,,https://www.reddit.com/r/squirrels/comments/gr5x1u/chillin_like_a_villian/,https://i.redd.it/7ucscwlve6151.jpg,gr5x1u,data/squirrels/images/7ucscwlve6151.jpg,1590528016
262,262.0,262.0,262.0,,,,,,,https://www.reddit.com/r/squirrels/comments/gn1rcz/black_and_white_spotted_photo_not_the_best/,https://i.redd.it/u1i82phwmtz41.jpg,gn1rcz,data/squirrels/images/u1i82phwmtz41.jpg,1589937479
263,263.0,263.0,263.0,,,,,,,https://www.reddit.com/r/squirrels/comments/gmdk70/chunkus_chunkuberry_is_here/,https://i.redd.it/md36geq35mz41.jpg,gmdk70,data/squirrels/images/md36geq35mz41.jpg,1589846745
264,264.0,264.0,264.0,,,,,,,https://www.reddit.com/r/squirrels/comments/gmd8sz/snacking_on_pita/,https://i.redd.it/x2x7v2aw1mz41.jpg,gmd8sz,data/squirrels/images/x2x7v2aw1mz41.jpg,1589845664
265,265.0,265.0,265.0,,,,,,,https://www.reddit.com/r/squirrels/comments/glpqvq/finally_put_up_a_squirrel_feeder_in_my_backyard/,https://i.redd.it/5o42dd9irez41.jpg,glpqvq,data/squirrels/images/5o42dd9irez41.jpg,1589757441
266,266.0,266.0,266.0,,,,,,,https://www.reddit.com/r/squirrels/comments/gkmlpo/nap_time/,https://i.redd.it/eat1fplec1z41.jpg,gkmlpo,data/squirrels/images/at1fplec1z41.jpg,1589594953
267,267.0,267.0,267.0,,,,,,,https://www.reddit.com/r/squirrels/comments/gk5wfh/chocolat_an_urban_park_squirrel_has_been_forced/,https://i.redd.it/koq95ioicwy41.jpg,gk5wfh,data/squirrels/images/koq95ioicwy41.jpg,1589534661
268,268.0,268.0,268.0,,,,,,,https://www.reddit.com/r/squirrels/comments/gjpk1q/i_didnt_think_you_would_mind_she_said_with_a/,https://i.redd.it/lnp2tcbyary41.jpg,gjpk1q,data/squirrels/images/lnp2tcbyary41.jpg,1589473397
269,269.0,269.0,270.0,,,,,,,https://www.reddit.com/r/squirrels/comments/gi5a9t/say_hello_to_my_porch_buddy/,https://i.redd.it/xjnb3v1tx9y41.jpg,gi5a9t,data/squirrels/images/xjnb3v1tx9y41.jpg,1589263158
270,270.0,270.0,272.0,,,,,,,https://www.reddit.com/r/squirrels/comments/gfanfo/hello_911_yes_id_like_to_report_a_breaking_and/,https://i.redd.it/jseoh7k5ldx41.jpg,gfanfo,data/squirrels/images/jseoh7k5ldx41.jpg,1588871483
271,271.0,271.0,273.0,,,,,,,https://www.reddit.com/r/squirrels/comments/gdl27w/pair_of_western_gray_squirrels_eating_on_the_deck/,https://i.redd.it/iogbe1i2ltw41.jpg,gdl27w,data/squirrels/images/ogbe1i2ltw41.jpg,1588629338
272,272.0,272.0,274.0,,,,,,,https://www.reddit.com/r/squirrels/comments/garzol/ummyes_when_will_you_be_serving_breakfast/,https://i.redd.it/tkche6374xv41.jpg,garzol,data/squirrels/images/kche6374xv41.jpg,1588236222
273,273.0,273.0,276.0,,,,,,,https://www.reddit.com/r/squirrels/comments/g89jyu/no_i_will_not_turn_around_you_promised_pecans/,https://i.redd.it/5bilb2baw3v41.jpg,g89jyu,data/squirrels/images/5bilb2baw3v41.jpg,1587882465
274,274.0,274.0,277.0,,,,,,,https://www.reddit.com/r/squirrels/comments/g6dkz8/took_a_photo_on_a_walk_thought_you_guys_would/,https://i.redd.it/trb5qy2vxgu41.jpg,g6dkz8,data/squirrels/images/b5qy2vxgu41.jpg,1587604533
275,275.0,275.0,278.0,,,,,,,https://www.reddit.com/r/squirrels/comments/g671r0/oh_im_taller_than_chikka_thoughts_of_paco_while/,https://i.redd.it/9ukng4if2fu41.jpg,g671r0,data/squirrels/images/9ukng4if2fu41.jpg,1587581856
276,276.0,276.0,279.0,,,,,,,https://www.reddit.com/r/squirrels/comments/g2qsr3/what_a_cute_thief/,https://i.redd.it/5erxo8cyp9t41.jpg,g2qsr3,data/squirrels/images/5erxo8cyp9t41.jpg,1587081330
277,277.0,277.0,280.0,,,,,,,https://www.reddit.com/r/squirrels/comments/g06knp/new_lester_wishes_you_a_happy_easter/,https://i.redd.it/nlxvfnziugs41.jpg,g06knp,data/squirrels/images/nlxvfnziugs41.jpg,1586731715
278,278.0,278.0,281.0,,,,,,,https://www.reddit.com/r/squirrels/comments/fw2vmy/the_fattest_california_ground_squirrel_ever/,https://i.redd.it/ov48si6hf8r41.jpg,fw2vmy,data/squirrels/images/ov48si6hf8r41.jpg,1586193952
279,279.0,279.0,282.0,,,,,,,https://www.reddit.com/r/squirrels/comments/fvrlty/chicken_knows_hes_the_coolest/,https://i.redd.it/vfpdtjnld4r41.jpg,fvrlty,data/squirrels/images/vfpdtjnld4r41.jpg,1586144894
280,280.0,280.0,283.0,,,,,,,https://www.reddit.com/r/squirrels/comments/fsk5pi/enjoying_a_cookie/,https://i.redd.it/fvsqg3pfe2q41.jpg,fsk5pi,data/squirrels/images/fvsqg3pfe2q41.jpg,1585685111
281,281.0,281.0,284.0,,,,,,,https://www.reddit.com/r/squirrels/comments/frdzgq/the_only_restaurant_allowing_dinein/,https://i.redd.it/6oq8nw1whnp41.jpg,frdzgq,data/squirrels/images/6oq8nw1whnp41.jpg,1585518318
282,282.0,282.0,285.0,,,,,,,https://www.reddit.com/r/squirrels/comments/fr9x2o/mission_birdfeeder_aborted/,https://i.redd.it/k8wqd9i2gnp41.jpg,fr9x2o,data/squirrels/images/k8wqd9i2gnp41.jpg,1585504160
283,283.0,283.0,286.0,,,,,,,https://www.reddit.com/r/squirrels/comments/fq89a0/afternoon_snack/,https://i.redd.it/fiqt1mcrsap41.jpg,fq89a0,data/squirrels/images/fiqt1mcrsap41.jpg,1585350937
284,284.0,284.0,287.0,,,,,,,https://www.reddit.com/r/squirrels/comments/fq6cb6/he_checked_out_my_phone_and_then_went_right_back/,https://i.redd.it/8rnar2araap41.jpg,fq6cb6,data/squirrels/images/8rnar2araap41.jpg,1585344884
285,285.0,285.0,288.0,,,,,,,https://www.reddit.com/r/squirrels/comments/fkoniu/a_red_squirrel_from_germany_sorry_for_the_bad/,https://i.redd.it/ttzsupwxbfn41.jpg,fkoniu,data/squirrels/images/zsupwxbfn41.jpg,1584534121
286,286.0,286.0,289.0,,,,,,,https://www.reddit.com/r/squirrels/comments/fbpb80/an_apple_a_day/,https://i.redd.it/q9k1xwxnuzj41.jpg,fbpb80,data/squirrels/images/q9k1xwxnuzj41.jpg,1583039160
287,287.0,287.0,290.0,,,,,,,https://www.reddit.com/r/squirrels/comments/fbinsw/squirrel_imitating_garden_angel/,https://i.redd.it/nzf85fiqbxj41.jpg,fbinsw,data/squirrels/images/nzf85fiqbxj41.jpg,1583008581
288,288.0,288.0,291.0,,,,,,,https://www.reddit.com/r/squirrels/comments/fawfeo/he_snowplowed_his_way_here_this_morning_and/,https://i.redd.it/yfxwcqquooj41.jpg,fawfeo,data/squirrels/images/yfxwcqquooj41.jpg,1582904032
289,289.0,289.0,292.0,,,,,,,https://www.reddit.com/r/squirrels/comments/f8iu0k/cute/,https://i.redd.it/khjpdmplxqi41.jpg,f8iu0k,data/squirrels/images/khjpdmplxqi41.jpg,1582504583
290,290.0,290.0,293.0,,,,,,,https://www.reddit.com/r/squirrels/comments/f800sb/frequent_visitor/,https://i.redd.it/horx3l8kxji41.jpg,f800sb,data/squirrels/images/orx3l8kxji41.jpg,1582410576
291,291.0,291.0,294.0,,,,,,,https://www.reddit.com/r/squirrels/comments/f7ryn1/hes_a_squirrel/,https://i.redd.it/j239nnwzygi41.jpg,f7ryn1,data/squirrels/images/j239nnwzygi41.jpg,1582374738
292,292.0,292.0,295.0,,,,,,,https://www.reddit.com/r/squirrels/comments/f78qp6/a_squirrel_on_a_squirrel_enjoying_his_breakfast/,https://i.redd.it/zlc9uopix8i41.jpg,f78qp6,data/squirrels/images/zlc9uopix8i41.jpg,1582277390
293,293.0,293.0,296.0,,,,,,,https://www.reddit.com/r/squirrels/comments/f4tnmv/waiting_for_peanuts/,https://i.redd.it/3biuddpckbh41.jpg,f4tnmv,data/squirrels/images/3biuddpckbh41.jpg,1581873440
294,294.0,294.0,298.0,,,,,,,https://www.reddit.com/r/squirrels/comments/f30xmy/saw_this_squirrel_enjoying_a_chocolate_croissant/,https://i.redd.it/uo1ry1tq2lg41.jpg,f30xmy,data/squirrels/images/uo1ry1tq2lg41.jpg,1581552729
295,295.0,295.0,299.0,,,,,,,https://www.reddit.com/r/squirrels/comments/f1stlh/stopping_by_for_breakfast/,https://i.redd.it/em4ai32hj4g41.jpg,f1stlh,data/squirrels/images/m4ai32hj4g41.jpg,1581352539
296,296.0,296.0,300.0,,,,,,,https://www.reddit.com/r/squirrels/comments/f19qs0/how_the_squirrel_spent_its_friday_afternoon/,https://i.redd.it/jrmwt30zxwf41.jpg,f19qs0,data/squirrels/images/jrmwt30zxwf41.jpg,1581260562
297,297.0,297.0,301.0,,,,,,,https://www.reddit.com/r/squirrels/comments/eyw67b/_/,https://i.redd.it/6mz4dgh3sye41.jpg,eyw67b,data/squirrels/images/6mz4dgh3sye41.jpg,1580846953
298,298.0,298.0,302.0,,,,,,,https://www.reddit.com/r/squirrels/comments/ey1q7q/this_little_guy_decided_to_say_hello_through_my/,https://i.redd.it/6xkz9du94ne41.jpg,ey1q7q,data/squirrels/images/6xkz9du94ne41.jpg,1580705764
299,299.0,299.0,303.0,,,,,,,https://www.reddit.com/r/squirrels/comments/exdquq/excuse_me_pardon_me/,https://i.redd.it/snmawnzv1ee41.jpg,exdquq,data/squirrels/images/nmawnzv1ee41.jpg,1580596059
300,300.0,300.0,304.0,,,,,,,https://www.reddit.com/r/squirrels/comments/es0uvb/happy_squirrel_day_big_fan_of_our_fuzzy_friends/,https://i.redd.it/8r26bx0637c41.jpg,es0uvb,data/squirrels/images/8r26bx0637c41.jpg,1579639983
301,301.0,301.0,305.0,,,,,,,https://www.reddit.com/r/squirrels/comments/enqz8s/food_plz/,https://i.redd.it/fr0a2o3l2ea41.jpg,enqz8s,data/squirrels/images/fr0a2o3l2ea41.jpg,1578852843
302,302.0,302.0,306.0,,,,,,,https://www.reddit.com/r/squirrels/comments/enb2lj/what_a_cutie/,https://i.redd.it/qgrdqlfxz6a41.jpg,enb2lj,data/squirrels/images/qgrdqlfxz6a41.jpg,1578767197
303,303.0,303.0,308.0,,,,,,,https://www.reddit.com/r/squirrels/comments/ehvzcl/this_wild_one_had_curly_fries/,https://i.redd.it/v21wcurxkv741.jpg,ehvzcl,data/squirrels/images/v21wcurxkv741.jpg,1577757286
304,304.0,304.0,309.0,,,,,,,https://www.reddit.com/r/squirrels/comments/ehdc3x/sunny_seattle_squirrel_look_at_the_big_ol_feets/,https://i.redd.it/us7dooalon741.jpg,ehdc3x,data/squirrels/images/us7dooalon741.jpg,1577661694
305,305.0,305.0,310.0,,,,,,,https://www.reddit.com/r/squirrels/comments/egdv8x/i_love_its_cute_head/,https://i.redd.it/przd1fq6m7741.jpg,egdv8x,data/squirrels/images/zd1fq6m7741.jpg,1577467140
306,306.0,308.0,,,,,,,,https://www.reddit.com/r/squirrels/comments/e5rund/squirrel_found_pondering_on_my_roof_in_the_morning/,https://i.redd.it/ooncao1bwi241.jpg,e5rund,data/squirrels/images/ooncao1bwi241.jpg,1575424482
307,307.0,309.0,,,,,,,,https://www.reddit.com/r/squirrels/comments/e5qk8b/right_before_he_jumped_on_me/,https://i.redd.it/34qqgzbbfi241.jpg,e5qk8b,data/squirrels/images/34qqgzbbfi241.jpg,1575418765
308,308.0,311.0,,,,,,,,https://www.reddit.com/r/squirrels/comments/e0ercy/theres_a_small_population_of_melanistic_grey/,https://i.redd.it/m890kspr2e041.jpg,e0ercy,data/squirrels/images/m890kspr2e041.jpg,1574494421
309,309.0,313.0,,,,,,,,https://www.reddit.com/r/squirrels/comments/dsg4a6/hey_bro_lets_hang_here_for_a_bit/,https://i.redd.it/o1965brtf2x31.jpg,dsg4a6,data/squirrels/images/o1965brtf2x31.jpg,1573045986
310,310.0,315.0,,,,,,,,https://www.reddit.com/r/squirrels/comments/dmr79t/he_is_full_caw_caw/,https://i.redd.it/cl5hmf10qlu31.jpg,dmr79t,data/squirrels/images/cl5hmf10qlu31.jpg,1571971894
311,311.0,316.0,,,,,,,,https://www.reddit.com/r/squirrels/comments/dm8gd5/sauly_staring_me_down_lady_how_dare_you_run_out/,https://i.redd.it/fnbbfbd3udu31.jpg,dm8gd5,data/squirrels/images/fnbbfbd3udu31.jpg,1571876416
312,312.0,317.0,,,,,,,,https://www.reddit.com/r/squirrels/comments/djuzvd/squirrggy_back_ride/,https://i.redd.it/jj6325lfmdt31.jpg,djuzvd,data/squirrels/images/jj6325lfmdt31.jpg,1571438004
313,313.0,318.0,,,,,,,,https://www.reddit.com/r/squirrels/comments/dgz8f1/squirrel_on_rocks/,https://i.redd.it/dm7klt4mp5s31.jpg,dgz8f1,data/squirrels/images/m7klt4mp5s31.jpg,1570906389
314,314.0,319.0,,,,,,,,https://www.reddit.com/r/squirrels/comments/dftlo9/chipmunk_in_oregon/,https://i.redd.it/lm80chd0knr31.jpg,dftlo9,data/squirrels/images/lm80chd0knr31.jpg,1570686549
315,315.0,322.0,,,,,,,,https://www.reddit.com/r/squirrels/comments/d5705z/earl_the_squirrel_is_ready_to_live_his_best/,https://i.redd.it/m4of8ft5y0n31.jpg,d5705z,data/squirrels/images/m4of8ft5y0n31.jpg,1568669457
316,316.0,323.0,,,,,,,,https://www.reddit.com/r/squirrels/comments/d41pga/big_mama_ate_two_slices_of_apples_three/,https://i.redd.it/m04c9z5c8im31.jpg,d41pga,data/squirrels/images/m04c9z5c8im31.jpg,1568442855
317,317.0,324.0,,,,,,,,https://www.reddit.com/r/squirrels/comments/d3ra1y/little_friend_enjoying_some_peanuts_on_the_porch/,https://i.redd.it/ttj4xmamvdm31.jpg,d3ra1y,data/squirrels/images/j4xmamvdm31.jpg,1568390154
318,318.0,325.0,,,,,,,,https://www.reddit.com/r/squirrels/comments/d1wk8s/i_think_i_found_the_squirrel_umagooski/,https://i.redd.it/44qj364koml31.jpg,d1wk8s,data/squirrels/images/44qj364koml31.jpg,1568060884
319,319.0,326.0,,,,,,,,https://www.reddit.com/r/squirrels/comments/cn4x3s/im_so_happy_to_see_my_3_legged_friend_again_i/,https://i.redd.it/uavlramro0f31.jpg,cn4x3s,data/squirrels/images/uavlramro0f31.jpg,1565179518
320,320.0,327.0,,,,,,,,https://www.reddit.com/r/squirrels/comments/cayb4w/lil_baby_out_of_four_squirrels_that_frequent_my/,https://i.redd.it/re0i556ls8931.jpg,cayb4w,data/squirrels/images/0i556ls8931.jpg,1562662576
321,321.0,328.0,,,,,,,,https://www.reddit.com/r/squirrels/comments/c7hrll/this_is_julius_aka_jules_saulys_life_partner/,https://i.redd.it/xfeaeiu8ej731.jpg,c7hrll,data/squirrels/images/xfeaeiu8ej731.jpg,1561919222
322,322.0,329.0,,,,,,,,https://www.reddit.com/r/squirrels/comments/c4qhrs/you_guys_might_appreciate_my_little_3_pawed/,https://i.redd.it/va326e2ukb631.jpg,c4qhrs,data/squirrels/images/va326e2ukb631.jpg,1561392407
323,323.0,330.0,,,,,,,,https://www.reddit.com/r/squirrels/comments/c4441b/finally_got_a_picture_of_this_speedy_little_guy/,https://i.redd.it/9ms9xtrfr3631.jpg,c4441b,data/squirrels/images/9ms9xtrfr3631.jpg,1561294100
324,324.0,331.0,,,,,,,,https://www.reddit.com/r/squirrels/comments/c1gtjq/is_it_normal_for_squirrels_to_lay_like_this/,https://i.redd.it/567wrvut5t431.jpg,c1gtjq,data/squirrels/images/567wrvut5t431.jpg,1560729920
325,325.0,332.0,,,,,,,,https://www.reddit.com/r/squirrels/comments/c09jft/_/,https://i.redd.it/joo8shwy36431.jpg,c09jft,data/squirrels/images/joo8shwy36431.jpg,1560450833
326,326.0,334.0,,,,,,,,https://www.reddit.com/r/squirrels/comments/bu3du7/beautiful_looking_squirrel/,https://i.redd.it/ykqd96rgtz031.jpg,bu3du7,data/squirrels/images/ykqd96rgtz031.jpg,1559067115
327,327.0,336.0,,,,,,,,https://www.reddit.com/r/squirrels/comments/bq8q7w/patrick_is_injured_hes_got_a_horrible_gash_on_his/,https://i.redd.it/vii2i73l91z21.jpg,bq8q7w,data/squirrels/images/vii2i73l91z21.jpg,1558212948
328,328.0,337.0,,,,,,,,https://www.reddit.com/r/squirrels/comments/bnudar/squirrel_chilling_out_relaxing_near_my_brothers/,https://i.redd.it/fgangwp0lux21.jpg,bnudar,data/squirrels/images/fgangwp0lux21.jpg,1557696198
329,329.0,338.0,,,,,,,,https://www.reddit.com/r/squirrels/comments/bk0hzv/any_idea_what_this_is/,https://i.redd.it/te3i64qfavv21.jpg,bk0hzv,data/squirrels/images/3i64qfavv21.jpg,1556833046
330,330.0,339.0,,,,,,,,https://www.reddit.com/r/squirrels/comments/bihje8/im_not_sure_if_shes_a_pregnosaur_or_if_im/,https://i.redd.it/3x6c6ezza3v21.jpg,bihje8,data/squirrels/images/3x6c6ezza3v21.jpg,1556494341
331,331.0,340.0,,,,,,,,https://www.reddit.com/r/squirrels/comments/bchikb/whats_with_the_pattern_of_fur_on_this_squirrel/,https://i.redd.it/qcch8vzstvr21.jpg,bchikb,data/squirrels/images/qcch8vzstvr21.jpg,1555096168
332,332.0,341.0,,,,,,,,https://www.reddit.com/r/squirrels/comments/bccwml/mama_came_to_see_us_2x_yesterday_we_figure_she/,https://i.redd.it/z0h527xtstr21.jpg,bccwml,data/squirrels/images/z0h527xtstr21.jpg,1555071628
333,333.0,342.0,,,,,,,,https://www.reddit.com/r/squirrels/comments/baie6l/this_chonker_always_stops_by_to_say_hello/,https://i.redd.it/lrnzqyghivq21.jpg,baie6l,data/squirrels/images/lrnzqyghivq21.jpg,1554656513
334,334.0,343.0,,,,,,,,https://www.reddit.com/r/squirrels/comments/b5hwb6/bedhead_bedtail_squirrel_stuffing_its_face_with/,https://i.redd.it/ack38ow7jco21.jpg,b5hwb6,data/squirrels/images/ack38ow7jco21.jpg,1553555142
335,335.0,344.0,,,,,,,,https://www.reddit.com/r/squirrels/comments/b4jy5s/two_bros_chillin_on_grass_5_cms_appart_cuz_theyre/,https://i.redd.it/baitzi10tvn21.jpg,b4jy5s,data/squirrels/images/baitzi10tvn21.jpg,1553352510
336,336.0,345.0,,,,,,,,https://www.reddit.com/r/squirrels/comments/b4dpoc/are_you_looking_at_me/,https://i.redd.it/686fhhjp2sn21.jpg,b4dpoc,data/squirrels/images/686fhhjp2sn21.jpg,1553307342
337,337.0,349.0,,,,,,,,https://www.reddit.com/r/squirrels/comments/b15bkd/she_loves_the_camera_the_camera_loves_her_another/,https://i.redd.it/iqb13d1795m21.jpg,b15bkd,data/squirrels/images/qb13d1795m21.jpg,1552595226
338,338.0,351.0,,,,,,,,https://www.reddit.com/r/squirrels/comments/ay5lbw/my_favorite_squirrel_recently_got_bullied_out_of/,https://i.redd.it/htiu3t652lk21.jpg,ay5lbw,data/squirrels/images/u3t652lk21.jpg,1551914860
339,339.0,352.0,,,,,,,,https://www.reddit.com/r/squirrels/comments/ay5b9r/someone_is_giving_sauly_peanuts_he_found_this_in/,https://i.redd.it/u1e6yhgpxkk21.jpg,ay5b9r,data/squirrels/images/u1e6yhgpxkk21.jpg,1551913369
340,340.0,354.0,,,,,,,,https://www.reddit.com/r/squirrels/comments/awnb3h/grandpa_squirrel_enjoying_the_nuts_i_put_out_for/,https://i.redd.it/npufujch9sj21.jpg,awnb3h,data/squirrels/images/npufujch9sj21.jpg,1551566228
341,341.0,355.0,,,,,,,,https://www.reddit.com/r/squirrels/comments/atrfk3/sauly_plopped_on_the_fence_post_waiting_for/,https://i.redd.it/kpiba4qpy8i21.jpg,atrfk3,data/squirrels/images/kpiba4qpy8i21.jpg,1550896727
342,342.0,356.0,,,,,,,,https://www.reddit.com/r/squirrels/comments/ar4x2c/hangin_out_with_hans/,https://i.redd.it/wk20um3equg21.jpg,ar4x2c,data/squirrels/images/wk20um3equg21.jpg,1550288671
343,343.0,357.0,,,,,,,,https://www.reddit.com/r/squirrels/comments/aq7vnk/meet_yoda_yes_his_ears_are_always_floppy_like_that/,https://i.redd.it/ijgf5as7wcg21.jpg,aq7vnk,data/squirrels/images/jgf5as7wcg21.jpg,1550072737
344,344.0,,,,,,,,,https://www.reddit.com/r/squirrels/comments/apads6/snowy_squirrel_in_wa_the_only_brave_soul_out/,https://i.redd.it/wseoe56z1uf21.jpg,apads6,data/squirrels/images/wseoe56z1uf21.jpg,1549844526
345,345.0,,,,,,,,,https://www.reddit.com/r/squirrels/comments/anqjfe/kissy_face_for_rsquirrels/,https://i.redd.it/265vlh4n5ye21.jpg,anqjfe,data/squirrels/images/265vlh4n5ye21.jpg,1549458576
346,346.0,,,,,,,,,https://www.reddit.com/r/squirrels/comments/anehsy/this_little_fatty_in_my_window_like_clockwork/,https://i.redd.it/1reia7tadre21.jpg,anehsy,data/squirrels/images/1reia7tadre21.jpg,1549376167
347,347.0,,,,,,,,,https://www.reddit.com/r/squirrels/comments/am48na/a_fat_and_happy_boy/,https://i.redd.it/p8u14thnozd21.jpg,am48na,data/squirrels/images/8u14thnozd21.jpg,1549040994
348,348.0,,,,,,,,,https://www.reddit.com/r/squirrels/comments/am1k89/thanx_for_the_peanuts_human/,https://i.redd.it/pxby4hrdbyd21.jpg,am1k89,data/squirrels/images/xby4hrdbyd21.jpg,1549024434
349,349.0,,,,,,,,,https://www.reddit.com/r/squirrels/comments/al7069/peering_into_the_unknown/,https://i.redd.it/c07or0kgjgd21.jpg,al7069,data/squirrels/images/c07or0kgjgd21.jpg,1548809212
350,350.0,,,,,,,,,https://www.reddit.com/r/squirrels/comments/akyxn4/excuse_me_human_no_photographs_while_im_eating/,https://i.redd.it/qam1im09fcd21.jpg,akyxn4,data/squirrels/images/qam1im09fcd21.jpg,1548759496
351,351.0,,,,,,,,,https://www.reddit.com/r/squirrels/comments/akco34/3_squirrels_are_better_than_1_peanut_discovery/,https://i.redd.it/8t4dk9skczc21.jpg,akco34,data/squirrels/images/8t4dk9skczc21.jpg,1548601114
352,352.0,,,,,,,,,https://www.reddit.com/r/squirrels/comments/akbcim/cascadia_farms_pretzel_nut_bar_takes_about_20/,https://i.redd.it/4j0y1kixcyc21.jpg,akbcim,data/squirrels/images/4j0y1kixcyc21.jpg,1548589172
353,353.0,,,,,,,,,https://www.reddit.com/r/squirrels/comments/ajxpmk/hello/,https://i.redd.it/wxd71jtd3pc21.jpg,ajxpmk,data/squirrels/images/wxd71jtd3pc21.jpg,1548476922
354,354.0,,,,,,,,,https://www.reddit.com/r/squirrels/comments/aih4b5/sauly_i_hand_fed_him_today_and_have_a_cute_video/,https://i.redd.it/sm4zdw8mevb21.jpg,aih4b5,data/squirrels/images/m4zdw8mevb21.jpg,1548117493
355,356.0,,,,,,,,,https://www.reddit.com/r/squirrels/comments/aa5mfj/this_guy_should_do_well_this_winter/,https://i.redd.it/5ohlexawax621.jpg,aa5mfj,data/squirrels/images/5ohlexawax621.jpg,1545961320
356,357.0,,,,,,,,,https://www.reddit.com/r/squirrels/comments/a4fjhj/one_of_our_tamer_yard_chonks_chowing_down_on_a/,https://i.redd.it/qqs5cul2w4321.jpg,a4fjhj,data/squirrels/images/qqs5cul2w4321.jpg,1544309729
357,359.0,,,,,,,,,https://www.reddit.com/r/squirrels/comments/a0mx08/sunbathing_squirrel_in_morro_bay_california/,https://i.redd.it/ev3xid2feq021.jpg,a0mx08,data/squirrels/images/v3xid2feq021.jpg,1543262595
358,360.0,,,,,,,,,https://www.reddit.com/r/squirrels/comments/9z49d2/so_much_for_hanging_the_bird_feeder_away_from/,https://i.redd.it/mqy4687mepz11.jpg,9z49d2,data/squirrels/images/mqy4687mepz11.jpg,1542814826
359,361.0,,,,,,,,,https://www.reddit.com/r/squirrels/comments/9q0s0f/reddit_meet_herman/,https://i.redd.it/yyd3lnk1tgt11.jpg,9q0s0f,data/squirrels/images/yyd3lnk1tgt11.jpg,1540095474
360,362.0,,,,,,,,,https://www.reddit.com/r/squirrels/comments/9lyctv/white_squirrel_in_my_backyard/,https://i.redd.it/4ijklbqd1mq11.jpg,9lyctv,data/squirrels/images/4ijklbqd1mq11.jpg,1538851270
361,364.0,,,,,,,,,https://www.reddit.com/r/squirrels/comments/9it49k/squirrel_with_a_peanut/,https://i.redd.it/7fhlfn75leo11.jpg,9it49k,data/squirrels/images/7fhlfn75leo11.jpg,1537889366
362,365.0,,,,,,,,,https://www.reddit.com/r/squirrels/comments/9ikgct/this_is_gerald_hes_very_chubby_and_the_other_day/,https://i.redd.it/8unvgj7pb8o11.jpg,9ikgct,data/squirrels/images/8unvgj7pb8o11.jpg,1537813548
363,366.0,,,,,,,,,https://www.reddit.com/r/squirrels/comments/9hug84/quite_the_dangerous_sploot/,https://i.redd.it/gf39j7y2znn11.jpg,9hug84,data/squirrels/images/gf39j7y2znn11.jpg,1537567167
364,367.0,,,,,,,,,https://www.reddit.com/r/squirrels/comments/9g1ql3/full_boy/,https://i.redd.it/kylenf1gpbm11.jpg,9g1ql3,data/squirrels/images/kylenf1gpbm11.jpg,1537020650
365,369.0,,,,,,,,,https://www.reddit.com/r/squirrels/comments/9a9ppl/found_a_3_week_old_baby_squirrel_i_just_fed_him/,https://i.redd.it/glmsw7b2qai11.jpg,9a9ppl,data/squirrels/images/glmsw7b2qai11.jpg,1535227537
366,370.0,,,,,,,,,https://www.reddit.com/r/squirrels/comments/93qxb5/buddy/,https://i.redd.it/i0hft0mvlid11.jpg,93qxb5,data/squirrels/images/0hft0mvlid11.jpg,1533143728
367,371.0,,,,,,,,,https://www.reddit.com/r/squirrels/comments/93fe3q/he_looks_so_goofy/,https://i.redd.it/htuljgjuwad11.jpg,93fe3q,data/squirrels/images/uljgjuwad11.jpg,1533050550
368,372.0,,,,,,,,,https://www.reddit.com/r/squirrels/comments/935a7t/one_of_many_squirrels_that_i_feed_from_my_college/,https://i.redd.it/k5plw47jy3d11.jpg,935a7t,data/squirrels/images/k5plw47jy3d11.jpg,1532966363
369,373.0,,,,,,,,,https://www.reddit.com/r/squirrels/comments/92xap0/this_squirrel_lounging_in_a_tree/,https://i.redd.it/ln5mj2bquxc11.jpg,92xap0,data/squirrels/images/ln5mj2bquxc11.jpg,1532892443
370,374.0,,,,,,,,,https://www.reddit.com/r/squirrels/comments/9118v1/zooom/,https://i.redd.it/vnjz2ekpikb11.jpg,9118v1,data/squirrels/images/vnjz2ekpikb11.jpg,1532295169
371,376.0,,,,,,,,,https://www.reddit.com/r/squirrels/comments/8w2eqc/squirrel_eating_donut_in_gym_parking_lot_also_me/,https://i.redd.it/ijcjzyus7y711.jpg,8w2eqc,data/squirrels/images/jcjzyus7y711.jpg,1530717603
372,377.0,,,,,,,,,https://www.reddit.com/r/squirrels/comments/8vffvs/sploot/,https://i.redd.it/gduao36ncg711.jpg,8vffvs,data/squirrels/images/gduao36ncg711.jpg,1530501303
373,378.0,,,,,,,,,https://www.reddit.com/r/squirrels/comments/8upw6e/a_round_tailed_squirrel_hiding_among_the_rocks/,https://i.redd.it/2m1ntzrgyu611.jpg,8upw6e,data/squirrels/images/2m1ntzrgyu611.jpg,1530242292
374,379.0,,,,,,,,,https://www.reddit.com/r/squirrels/comments/8tw0g4/my_first_squirrel_friend_while_away_from_home/,https://i.redd.it/gh2eo3t319611.jpg,8tw0g4,data/squirrels/images/gh2eo3t319611.jpg,1529976851
375,380.0,,,,,,,,,https://www.reddit.com/r/squirrels/comments/8re3ry/who_says_new_yorkers_arent_friendly_xpost_raww/,https://i.redd.it/7wl7ezqj58411.jpg,8re3ry,data/squirrels/images/7wl7ezqj58411.jpg,1529094521
376,381.0,,,,,,,,,https://www.reddit.com/r/squirrels/comments/8qbbmz/startled_squirrel/,https://i.redd.it/lgvsfeagre311.jpg,8qbbmz,data/squirrels/images/lgvsfeagre311.jpg,1528738680
377,382.0,,,,,,,,,https://www.reddit.com/r/squirrels/comments/8mn2s7/from_aww_its_so_hot_the_squirrels_are_starting_to/,https://i.redd.it/m7hrhkql7g011.jpg,8mn2s7,data/squirrels/images/m7hrhkql7g011.jpg,1527478014
378,384.0,,,,,,,,,https://www.reddit.com/r/squirrels/comments/8ha2yg/the_squirrels_at_my_university_were_very_friendly/,https://i.redd.it/af0smr7jh3w01.jpg,8ha2yg,data/squirrels/images/af0smr7jh3w01.jpg,1525551232
379,385.0,,,,,,,,,https://www.reddit.com/r/squirrels/comments/8h3s0g/having_a_drink_on_friday_night/,https://i.redd.it/9c7qpejmhxv01.jpg,8h3s0g,data/squirrels/images/9c7qpejmhxv01.jpg,1525478619
380,387.0,,,,,,,,,https://www.reddit.com/r/squirrels/comments/89v2c0/i_wish_i_could_give_him_a_little_raincoat/,https://i.redd.it/4oy75g7dgzp01.jpg,89v2c0,data/squirrels/images/4oy75g7dgzp01.jpg,1522887342
381,388.0,,,,,,,,,https://www.reddit.com/r/squirrels/comments/89hxs0/little_tree_hugger_in_the_rain/,https://i.redd.it/pf4xh72j2rp01.jpg,89hxs0,data/squirrels/images/f4xh72j2rp01.jpg,1522785867
382,389.0,,,,,,,,,https://www.reddit.com/r/squirrels/comments/87ylan/saw_this_on_facebook_so_cute/,https://i.redd.it/painti5kumo01.jpg,87ylan,data/squirrels/images/ainti5kumo01.jpg,1522298913
383,390.0,,,,,,,,,https://www.reddit.com/r/squirrels/comments/84rbxt/nubbins_up_on_his_hind_legs/,https://i.redd.it/1i4wou4op0m01.jpg,84rbxt,data/squirrels/images/1i4wou4op0m01.jpg,1521159171
384,391.0,,,,,,,,,https://www.reddit.com/r/squirrels/comments/84476t/my_reason_for_getting_up_in_the_mornings_my/,https://i.redd.it/nu5mcmjsajl01.jpg,84476t,data/squirrels/images/nu5mcmjsajl01.jpg,1520948350
385,393.0,,,,,,,,,https://www.reddit.com/r/squirrels/comments/811d6z/someone_is_either_pregnant_or_very_overweight/,https://i.redd.it/pobllfnjx1j01.jpg,811d6z,data/squirrels/images/obllfnjx1j01.jpg,1519866376
386,394.0,,,,,,,,,https://www.reddit.com/r/squirrels/comments/81137x/aww_nuts/,https://i.redd.it/6kgnmhm6q1j01.jpg,81137x,data/squirrels/images/6kgnmhm6q1j01.jpg,1519863908
387,,,,,,,,,,https://www.reddit.com/r/squirrels/comments/7w149i/mildlyinteresting_you_can_see_inside_my_slider/,https://i.redd.it/l8j4j7bu2we01.jpg,7w149i,data/squirrels/images/l8j4j7bu2we01.jpg,1518052262
388,,,,,,,,,,https://www.reddit.com/r/squirrels/comments/7twirz/this_red_squirrel_found_a_much_easier_way_to_get/,https://i.redd.it/jy940qr7b3d01.jpg,7twirz,data/squirrels/images/jy940qr7b3d01.jpg,1517268017
389,,,,,,,,,,https://www.reddit.com/r/squirrels/comments/7tvem4/finally_got_a_picture/,https://i.redd.it/79bpc9msj2d01.jpg,7tvem4,data/squirrels/images/79bpc9msj2d01.jpg,1517258801
390,,,,,,,,,,https://www.reddit.com/r/squirrels/comments/7s16qo/happy_squirrel_appreciation_day_today_i_introduce/,https://i.redd.it/sep2uewg1ib01.jpg,7s16qo,data/squirrels/images/2uewg1ib01.jpg,1516574622
391,,,,,,,,,,https://www.reddit.com/r/squirrels/comments/7qjjuv/looks_like_this_cutie_got_some_extra_melanin_and/,https://i.redd.it/y3136vzwc8a01.jpg,7qjjuv,data/squirrels/images/y3136vzwc8a01.jpg,1516021590
392,,,,,,,,,,https://www.reddit.com/r/squirrels/comments/7pkjrd/this_isnt_the_most_amazing_photo_or_anything_but/,https://i.redd.it/7stp5qnycc901.jpg,7pkjrd,data/squirrels/images/7stp5qnycc901.jpg,1515634150
393,,,,,,,,,,https://www.reddit.com/r/squirrels/comments/7lfc60/an_squirrel_i_encountered_as_he_was_preparing_for/,https://i.redd.it/anvpv0s0re501.jpg,7lfc60,data/squirrels/images/anvpv0s0re501.jpg,1513919790
394,,,,,,,,,,https://www.reddit.com/r/squirrels/comments/7knv5t/side_view_of_deans_ear/,https://i.redd.it/pva84q7uoq401.jpg,7knv5t,data/squirrels/images/va84q7uoq401.jpg,1513628399
395,,,,,,,,,,https://www.reddit.com/r/squirrels/comments/7gxw9r/thought_i_was_crazy_until_one_of_my_friends_said/,https://i.redd.it/y00gos91hd101.jpg,7gxw9r,data/squirrels/images/y00gos91hd101.jpg,1512160841
396,,,,,,,,,,https://www.reddit.com/r/squirrels/comments/7gkd2k/nubbins_nearly_gave_me_a_heart_attack_this/,https://i.redd.it/bxxni4a942101.jpg,7gkd2k,data/squirrels/images/bxxni4a942101.jpg,1512023368
397,,,,,,,,,,https://www.reddit.com/r/squirrels/comments/7c493x/why_you_take_so_many_pictures_hooman/,https://i.redd.it/47k5564vx7xz.jpg,7c493x,data/squirrels/images/47k5564vx7xz.jpg,1510350486
398,,,,,,,,,,https://www.reddit.com/r/squirrels/comments/7b0p0n/someone_got_brave_today/,https://i.redd.it/nwlgyoy3c8wz.jpg,7b0p0n,data/squirrels/images/nwlgyoy3c8wz.jpg,1509919412
399,,,,,,,,,,https://www.reddit.com/r/squirrels/comments/7amm0v/an_above_shot_of_nueve_showing_his_missing_finger/,https://i.redd.it/7pz58alxztvz.jpg,7amm0v,data/squirrels/images/7pz58alxztvz.jpg,1509745819
400,,,,,,,,,,https://www.reddit.com/r/squirrels/comments/79isie/spotted_at_the_grand_canyon_with_a_little_help/,https://i.redd.it/xmrg5j1fttuz.jpg,79isie,data/squirrels/images/xmrg5j1fttuz.jpg,1509307780
401,,,,,,,,,,https://www.reddit.com/r/squirrels/comments/790smc/oh_hello_is_it_time_for_food/,https://i.redd.it/gmcf1ubomauz.jpg,790smc,data/squirrels/images/gmcf1ubomauz.jpg,1509075481
402,,,,,,,,,,https://www.reddit.com/r/squirrels/comments/78tf68/spotted_this_guy_at_a_neighbourhood_park/,https://i.redd.it/cx5y9kihw3uz.jpg,78tf68,data/squirrels/images/cx5y9kihw3uz.jpg,1508994033
403,,,,,,,,,,https://www.reddit.com/r/squirrels/comments/77bvuq/there_was_a_wild_cat_out_and_about_so_this_lady/,https://i.redd.it/9bp3amy7gpsz.jpg,77bvuq,data/squirrels/images/9bp3amy7gpsz.jpg,1508383219
404,,,,,,,,,,https://www.reddit.com/r/squirrels/comments/767std/newton_again/,https://i.redd.it/z0edvwhzxnrz.jpg,767std,data/squirrels/images/z0edvwhzxnrz.jpg,1507929163
405,,,,,,,,,,https://www.reddit.com/r/squirrels/comments/766niy/newton_glorious_newton/,https://i.redd.it/7aapw17b2nrz.jpg,766niy,data/squirrels/images/7aapw17b2nrz.jpg,1507918518
406,,,,,,,,,,https://www.reddit.com/r/squirrels/comments/75z830/newton_eating_tatortot_on_wifes_head/,https://i.redd.it/mz1dahrz6grz.jpg,75z830,data/squirrels/images/mz1dahrz6grz.jpg,1507835330
407,,,,,,,,,,https://www.reddit.com/r/squirrels/comments/75cynx/nubbins_was_out_today_and_looking_pretty_healthy/,https://i.redd.it/cr4gq8a2zvqz.jpg,75cynx,data/squirrels/images/cr4gq8a2zvqz.jpg,1507590500
408,,,,,,,,,,https://www.reddit.com/r/squirrels/comments/74v11o/ever_notice_squirrels_dont_have_thumbs_i_would/,https://i.redd.it/ax0nldk60fqz.jpg,74v11o,data/squirrels/images/ax0nldk60fqz.jpg,1507385107
409,,,,,,,,,,https://www.reddit.com/r/squirrels/comments/73u6le/new_little_one_was_intrigued_by_my_taking/,https://i.redd.it/01vpopy3agpz.jpg,73u6le,data/squirrels/images/01vpopy3agpz.jpg,1506964657
410,,,,,,,,,,https://www.reddit.com/r/squirrels/comments/70rhx9/this_big_guy_really_wanted_to_say_hello/,https://i.redd.it/b04qetz0fjmz.jpg,70rhx9,data/squirrels/images/b04qetz0fjmz.jpg,1505695087
411,,,,,,,,,,https://www.reddit.com/r/squirrels/comments/6z8wqe/skittles_fell_out_of_a_tree_our_corgi_found_him/,https://i.redd.it/m953kbwus2lz.jpg,6z8wqe,data/squirrels/images/m953kbwus2lz.jpg,1505058073
412,,,,,,,,,,https://www.reddit.com/r/squirrels/comments/6utyks/nothing_here_to_see_definitely_no_seeds_in_this/,https://i.redd.it/5cwyvdqvqtgz.jpg,6utyks,data/squirrels/images/5cwyvdqvqtgz.jpg,1503205132
413,,,,,,,,,,https://www.reddit.com/r/squirrels/comments/6u53i7/this_is_pinna_she_is_named_after_what_she_is/,https://i.redd.it/cekkavauy5gz.jpg,6u53i7,data/squirrels/images/cekkavauy5gz.jpg,1502917295
414,,,,,,,,,,https://www.reddit.com/r/squirrels/comments/6sqydl/campus_squirrel_snatches_apple/,https://i.redd.it/xdzldllv6uez.jpg,6sqydl,data/squirrels/images/xdzldllv6uez.jpg,1502338738
415,,,,,,,,,,https://www.reddit.com/r/squirrels/comments/6q9lhi/had_to_take_their_tree_down_but_theyre_back_with/,https://i.redd.it/iru0kbfmahcz.jpg,6q9lhi,data/squirrels/images/u0kbfmahcz.jpg,1501311020
416,,,,,,,,,,https://www.reddit.com/r/squirrels/comments/6q8x0n/rip_blackbeard_thank_you_for_leaving_me_with_a/,https://i.redd.it/mn24kbidhgcz.jpg,6q8x0n,data/squirrels/images/mn24kbidhgcz.jpg,1501301077
417,,,,,,,,,,https://www.reddit.com/r/squirrels/comments/6orf94/so_my_buddy_who_cooled_his_belly_is_resting_his/,https://i.redd.it/rmkwygl3x0bz.jpg,6orf94,data/squirrels/images/mkwygl3x0bz.jpg,1500676804
418,,,,,,,,,,https://www.reddit.com/r/squirrels/comments/6oiy03/chillin_like_a_villain/,https://i.redd.it/trklmlyn2taz.jpg,6oiy03,data/squirrels/images/klmlyn2taz.jpg,1500581821
419,,,,,,,,,,https://www.reddit.com/r/squirrels/comments/6nuj74/you_know_its_hot_outside_when_the_squirrel_lays/,https://i.redd.it/0dnuu3ars6az.jpg,6nuj74,data/squirrels/images/0dnuu3ars6az.jpg,1500312139
420,,,,,,,,,,https://www.reddit.com/r/squirrels/comments/6jlekc/you_woke_the_dog_you_climb_last/,https://i.redd.it/v5fu3ihm206z.jpg,6jlekc,data/squirrels/images/v5fu3ihm206z.jpg,1498487357
421,,,,,,,,,,https://www.reddit.com/r/squirrels/comments/6jeihg/who_goes_there_friend_or_foe/,https://i.redd.it/ih7dtg76ks5z.jpg,6jeihg,data/squirrels/images/7dtg76ks5z.jpg,1498399994
422,,,,,,,,,,https://www.reddit.com/r/squirrels/comments/6cy023/im_not_a_great_artist_but_i_gave_a_squirrel_an/,https://i.redd.it/nb2ojp3nrbzy.jpg,6cy023,data/squirrels/images/nb2ojp3nrbzy.jpg,1495577970
423,,,,,,,,,,https://www.reddit.com/r/squirrels/comments/6aq80r/cute_origami_squirrel_necklace/,https://i.redd.it/75oxtltmc1xy.jpg,6aq80r,data/squirrels/images/75oxtltmc1xy.jpg,1494580214
424,,,,,,,,,,https://www.reddit.com/r/squirrels/comments/69q8jh/squirrels_back_at_the_feeder/,https://i.redd.it/xm75wpakc1wy.jpg,69q8jh,data/squirrels/images/xm75wpakc1wy.jpg,1494144319
425,,,,,,,,,,https://www.reddit.com/r/squirrels/comments/66ay1o/baby_squirrel_climbed_my_leg/,https://i.redd.it/cf3sot9e4jsy.jpg,66ay1o,data/squirrels/images/cf3sot9e4jsy.jpg,1492616069
426,,,,,,,,,,https://www.reddit.com/r/squirrels/comments/637lay/so_friendly_and_cute_meet_duke/,https://i.redd.it/i2hh6h4azcpy.jpg,637lay,data/squirrels/images/2hh6h4azcpy.jpg,1491234316
427,,,,,,,,,,https://www.reddit.com/r/squirrels/comments/62p7c7/so_tame/,https://i.redd.it/70iz5y0uztoy.jpg,62p7c7,data/squirrels/images/70iz5y0uztoy.jpg,1491004554
428,,,,,,,,,,https://www.reddit.com/r/squirrels/comments/5w9qqk/waldemarie_recommends_hazelnut_for_sunday_lunch/,https://i.redd.it/7u9t0izcu6iy.jpg,5w9qqk,data/squirrels/images/7u9t0izcu6iy.jpg,1488108972
429,,,,,,,,,,https://www.reddit.com/r/squirrels/comments/5tl9qc/yes_it_has_to_be_the_biggest_one/,https://i.redd.it/5ddg7b5ccffy.jpg,5tl9qc,data/squirrels/images/5ddg7b5ccffy.jpg,1486904339
430,,,,,,,,,,https://www.reddit.com/r/squirrels/comments/5sd3uy/what_did_you_say_that_was_called_almond_tasty/,https://i.redd.it/p7lp0y3e67ey.jpg,5sd3uy,data/squirrels/images/7lp0y3e67ey.jpg,1486369645
431,,,,,,,,,,https://www.reddit.com/r/squirrels/comments/5s04i5/queen_waldemarie_overseeing_her_empire_hands_in/,https://i.redd.it/g06san0bvtdy.jpg,5s04i5,data/squirrels/images/g06san0bvtdy.jpg,1486208563
432,,,,,,,,,,https://www.reddit.com/r/squirrels/comments/5rmkc1/all_those_nutsies_just_for_me/,https://i.redd.it/xxixkntuxfdy.jpg,5rmkc1,data/squirrels/images/xxixkntuxfdy.jpg,1486039862
433,,,,,,,,,,https://www.reddit.com/r/squirrels/comments/5bb24c/squirrel_on_the_tree/,https://i.redd.it/g9q7z2597uvx.jpg,5bb24c,data/squirrels/images/g9q7z2597uvx.jpg,1478367280
