,Unnamed: 0.2,Unnamed: 0.1,Unnamed: 0,full_link,image_link,id,local_path,created_utc
0,1.0,1.0,1.0,https://www.reddit.com/r/BAT/comments/wl762p/anything_know_what_kind_of_bat_this_is_found_it/,https://i.redd.it/m9lgxvz9zxg91.jpg,wl762p,data/bats/images/m9lgxvz9zxg91.jpg,1660161603
1,5.0,5.0,5.0,https://www.reddit.com/r/BAT/comments/u7wi4e/bat_and_robin/,https://i.redd.it/p1wzy4dyqou81.png,u7wi4e,data/bats/images/1wzy4dyqou81.png,1650461229
2,6.0,6.0,6.0,https://www.reddit.com/r/BAT/comments/ti6121/name_that_bat_plstrying_to_guess_the_breedfound/,https://i.redd.it/gvxcyz2jxeo81.jpg,ti6121,data/bats/images/gvxcyz2jxeo81.jpg,1647727241
3,7.0,7.0,7.0,https://www.reddit.com/r/BAT/comments/t5miqi/my_batty_burrito_keyrings/,https://i.redd.it/5nta6krnk4l81.png,t5miqi,data/bats/images/5nta6krnk4l81.png,1646294342
4,8.0,8.0,8.0,https://www.reddit.com/r/BAT/comments/t2p0yc/looks_bat/,https://i.redd.it/65dysd9hvdk81.png,t2p0yc,data/bats/images/65dysd9hvdk81.png,1645971059
5,9.0,9.0,9.0,https://www.reddit.com/r/BAT/comments/sfiuij/bat_and_robin/,https://i.redd.it/er4yva6pwme81.png,sfiuij,data/bats/images/4yva6pwme81.png,1643465345
6,10.0,10.0,10.0,https://www.reddit.com/r/BAT/comments/ojl7rk/look_who_my_new_neighbors_are/,https://i.redd.it/78jtjawls0b71.jpg,ojl7rk,data/bats/images/78jtjawls0b71.jpg,1626199537
7,13.0,13.0,13.0,https://www.reddit.com/r/BAT/comments/nzb7ml/owo/,https://i.redd.it/1wlq5onbv4571.jpg,nzb7ml,data/bats/images/1wlq5onbv4571.jpg,1623633785
8,16.0,16.0,16.0,https://www.reddit.com/r/BAT/comments/mmott4/bat/,https://i.redd.it/h3xi6qcffxr61.png,mmott4,data/bats/images/3xi6qcffxr61.png,1617877675
9,20.0,20.0,20.0,https://www.reddit.com/r/BAT/comments/hxsyhg/what_kind_of_bat_is_this/,https://i.redd.it/irufsij752d51.jpg,hxsyhg,data/bats/images/ufsij752d51.jpg,1595706527
10,21.0,21.0,,https://www.reddit.com/r/batty/comments/wv8xbb/a_little_bat_on_the_side_of_my_house_its_been/,https://i.redd.it/x9jjrgdcpcj91.jpg,wv8xbb,data/bats/images/x9jjrgdcpcj91.jpg,1661211560
11,23.0,23.0,,https://www.reddit.com/r/batty/comments/whrm50/bat_id_found_around_8_am_just_above_the_sidewalk/,https://i.redd.it/rqc03cyq84g91.jpg,whrm50,data/bats/images/qc03cyq84g91.jpg,1659801581
12,24.0,24.0,,https://www.reddit.com/r/batty/comments/wcr84d/found_this_little_guy_outside_last_night_hes/,https://i.redd.it/0i3vh5uq8xe91.jpg,wcr84d,data/bats/images/0i3vh5uq8xe91.jpg,1659280984
13,25.0,25.0,,https://www.reddit.com/r/batty/comments/uad5oc/reminds_me_of_a_bun_bun_3/,https://i.redd.it/0amqp7yr0cv81.jpg,uad5oc,data/bats/images/0amqp7yr0cv81.jpg,1650742946
14,27.0,27.0,,https://www.reddit.com/r/batty/comments/r39vqz/this_northern_bat_eptesicus_nilssonii_seen_in/,https://i.redd.it/v07qvtq1v3281.jpg,r39vqz,data/bats/images/v07qvtq1v3281.jpg,1638004671
15,28.0,28.0,,https://www.reddit.com/r/batty/comments/puviqa/my_first_batty_arrived_in_my_bat_house_ive_had_it/,https://i.redd.it/eudwh1kjijp71.jpg,puviqa,data/bats/images/udwh1kjijp71.jpg,1632528061
16,29.0,29.0,,https://www.reddit.com/r/batty/comments/ptyw7e/blessed_to_see_this_little_guy_napping_the_other/,https://i.redd.it/920iqk3i4ap71.jpg,ptyw7e,data/bats/images/920iqk3i4ap71.jpg,1632414369
17,30.0,30.0,,https://www.reddit.com/r/batty/comments/pnxw49/flashing_the_bat_signal_a_baby_bat_needs_our_help/,https://i.redd.it/u4d3auiz19n71.jpg,pnxw49,data/bats/images/u4d3auiz19n71.jpg,1631603446
18,31.0,,,https://www.reddit.com/r/batty/comments/p8skpp/i_got_my_first_tattoo_done_last_month_and_it_came/,https://i.redd.it/ii457x573qi71.jpg,p8skpp,data/bats/images/457x573qi71.jpg,1629556702
19,32.0,,,https://www.reddit.com/r/batty/comments/oqa01k/ive_got_bats_in_my_belfry_well_my_apartment/,https://i.redd.it/mnfi87v0o0d71.jpg,oqa01k,data/bats/images/mnfi87v0o0d71.jpg,1627069688
20,33.0,,,https://www.reddit.com/r/batty/comments/obzvvd/a_handful/,https://i.redd.it/qe8h5rk04p871.jpg,obzvvd,data/bats/images/qe8h5rk04p871.jpg,1625189124
21,34.0,,,https://www.reddit.com/r/batty/comments/ob2nos/this_cutie_got_into_my_house_yesterday_left_a_few/,https://i.redd.it/l2fbslouyf871.jpg,ob2nos,data/bats/images/l2fbslouyf871.jpg,1625075694
22,35.0,,,https://www.reddit.com/r/batty/comments/kdl52b/some_animals_lovers_from_another_sub_said_you/,https://i.redd.it/5x0tuosskc561.jpg,kdl52b,data/bats/images/5x0tuosskc561.jpg,1608036571
23,36.0,,,https://www.reddit.com/r/batty/comments/k5zj4g/you_made_our_year_between_donations_from/,https://i.redd.it/k6j1hholsz261.jpg,k5zj4g,data/bats/images/k6j1hholsz261.jpg,1607010109
24,37.0,,,https://www.reddit.com/r/batty/comments/iyupgj/the_animal_feature_in_october_edition_of_uk/,https://i.redd.it/f01qwf3xo2p51.jpg,iyupgj,data/bats/images/f01qwf3xo2p51.jpg,1600943318
25,38.0,,,https://www.reddit.com/r/batty/comments/iefxzm/my_15_year_old_had_her_window_open_and_woke_up_to/,https://i.redd.it/mzpdkwr13ji51.jpg,iefxzm,data/bats/images/mzpdkwr13ji51.jpg,1598090847
26,40.0,,,https://www.reddit.com/r/batty/comments/hocu8t/thought_you_all_would_enjoy_the_new_window_decal/,https://i.redd.it/b3e68qm3rw951.jpg,hocu8t,data/bats/images/b3e68qm3rw951.jpg,1594333690
27,41.0,,,https://www.reddit.com/r/batty/comments/hiji5q/oh_hell_no/,https://i.redd.it/id34tol1g0851.jpg,hiji5q,data/bats/images/34tol1g0851.jpg,1593506703
28,42.0,,,https://www.reddit.com/r/batty/comments/hg42jr/we_found_this_little_fella_last_night_he_was/,https://i.redd.it/uczv69w5y7751.jpg,hg42jr,data/bats/images/uczv69w5y7751.jpg,1593161743
29,43.0,,,https://www.reddit.com/r/batty/comments/haa3vz/i_found_this_little_guy_in_the_sidewalk_and_used/,https://i.redd.it/s7a9xz1fjb551.jpg,haa3vz,data/bats/images/7a9xz1fjb551.jpg,1592333474
30,44.0,,,https://www.reddit.com/r/batty/comments/g9vxiq/better_angle_for_my_last_post/,https://i.redd.it/1raekfdnlmv41.jpg,g9vxiq,data/bats/images/1raekfdnlmv41.jpg,1588108917
31,45.0,,,https://www.reddit.com/r/batty/comments/g8mg27/everyone_says_my_dog_looks_like_a_bat_so_we_had/,https://i.redd.it/ovelk39s88v41.jpg,g8mg27,data/bats/images/ovelk39s88v41.jpg,1587935093
32,48.0,,,https://www.reddit.com/r/batty/comments/fe6265/newest_2020_quarter_sorry_for_bad_pic/,https://i.redd.it/h6d1t4y1jyk41.jpg,fe6265,data/bats/images/6d1t4y1jyk41.jpg,1583459003
33,49.0,,,https://www.reddit.com/r/batty/comments/eo32yn/wanted_to_show_off_my_first_tattoo_of_these_babies/,https://i.redd.it/gjzt393paja41.jpg,eo32yn,data/bats/images/gjzt393paja41.jpg,1578916105
34,51.0,,,https://www.reddit.com/r/batty/comments/eki6u0/winky_bat/,https://i.redd.it/a6zkgfjfn0941.jpg,eki6u0,data/bats/images/a6zkgfjfn0941.jpg,1578254508
35,52.0,,,https://www.reddit.com/r/batty/comments/e8zbol/greater_bulldog_bat/,https://i.redd.it/hjddjft9ew341.jpg,e8zbol,data/bats/images/jddjft9ew341.jpg,1576023758
36,,,,https://www.reddit.com/r/batty/comments/dha529/batty_tattoo_artist_rowan_aurora_on_instagram/,https://i.redd.it/hxs6oon81bs31.jpg,dha529,data/bats/images/xs6oon81bs31.jpg,1570970802
37,,,,https://www.reddit.com/r/batty/comments/df8pqy/made_a_spoopy_candy_corn_halloween_bat/,https://i.redd.it/x4q9mi75oer31.jpg,df8pqy,data/bats/images/x4q9mi75oer31.jpg,1570579011
38,,,,https://www.reddit.com/r/batty/comments/cp3fjn/battoo/,https://i.redd.it/q73q0djobwf31.jpg,cp3fjn,data/bats/images/q73q0djobwf31.jpg,1565562533
39,,,,https://www.reddit.com/r/batty/comments/bmb4lr/a_megabat_from_philippines_can_have_up_to_6_foot/,https://i.redd.it/a9nmbtt5f0x21.jpg,bmb4lr,data/bats/images/a9nmbtt5f0x21.jpg,1557351124
40,,,,https://www.reddit.com/r/batty/comments/bcucbc/i_got_my_first_tattoo_today_to_commemorate_the/,https://i.redd.it/carrkft543s21.jpg,bcucbc,data/bats/images/carrkft543s21.jpg,1555184403
41,,,,https://www.reddit.com/r/batty/comments/ba813q/a_lovely_little_common_pipistrelle_i_met_today/,https://i.redd.it/fdna572v4pq21.jpg,ba813q,data/bats/images/fdna572v4pq21.jpg,1554579292
42,,,,https://www.reddit.com/r/batty/comments/ajuhmw/just_your_friendly_neighborhood_vampire/,https://i.redd.it/aeqs7utnanc21.jpg,ajuhmw,data/bats/images/aeqs7utnanc21.jpg,1548455154
43,,,,https://www.reddit.com/r/batty/comments/agkq6f/found_a_bat_in_our_backyard/,https://i.redd.it/siztjude5sa21.jpg,agkq6f,data/bats/images/ztjude5sa21.jpg,1547642243
44,,,,https://www.reddit.com/r/batty/comments/ag8xlj/this_little_fellow_here_showed_up_on_my_window_net/,https://i.redd.it/m41kakuyhla21.jpg,ag8xlj,data/bats/images/m41kakuyhla21.jpg,1547561859
45,,,,https://www.reddit.com/r/batty/comments/9qaj99/did_this_for_inktober_day_21_drain_today_and/,https://i.redd.it/d4cnem103ot11.jpg,9qaj99,data/bats/images/4cnem103ot11.jpg,1540183573
46,,,,https://www.reddit.com/r/batty/comments/9mglrq/drawing_a_bat_for_almost_every_day_of_october/,https://i.redd.it/fw7164ujrzq11.jpg,9mglrq,data/bats/images/fw7164ujrzq11.jpg,1539017469
47,,,,https://www.reddit.com/r/batty/comments/9gvihw/hiding_from_florence_this_little_one_took_shelter/,https://i.redd.it/g3o62e0dg0n11.jpg,9gvihw,data/bats/images/g3o62e0dg0n11.jpg,1537282411
48,,,,https://www.reddit.com/r/batty/comments/9e9ftu/space_bat/,https://i.redd.it/zjn2hoiyz0l11.jpg,9e9ftu,data/bats/images/zjn2hoiyz0l11.jpg,1536457410
49,,,,https://www.reddit.com/r/batty/comments/95hmc6/got_my_first_bat_tattoo_today_after_being/,https://i.redd.it/nsr3icrltre11.jpg,95hmc6,data/bats/images/nsr3icrltre11.jpg,1533691345
50,,,,https://www.reddit.com/r/batty/comments/92ow2t/bat_embryo/,https://i.redd.it/w5roeysggpc11.jpg,92ow2t,data/bats/images/w5roeysggpc11.jpg,1532807382
51,,,,https://www.reddit.com/r/batty/comments/923u5z/my_first_tattoo_that_i_got_about_a_year_ago_i/,https://i.redd.it/1ck0x7qnlbc11.jpg,923u5z,data/bats/images/1ck0x7qnlbc11.jpg,1532623042
52,,,,https://www.reddit.com/r/batty/comments/8x79en/found_this_batty_in_a_broken_cliff_swallow_nest/,https://i.redd.it/u3h5fcrd5u811.jpg,8x79en,data/bats/images/u3h5fcrd5u811.jpg,1531104218
53,,,,https://www.reddit.com/r/batty/comments/83kmhc/common_vampire_face_i_drew/,https://i.redd.it/dlvz97exb2l01.jpg,83kmhc,data/bats/images/lvz97exb2l01.jpg,1520742913
54,,,,https://www.reddit.com/r/batty/comments/7vzrg8/got_a_cute_wee_bat_for_my_birthday_today_handmade/,https://i.redd.it/6lne92to3ve01.jpg,7vzrg8,data/bats/images/6lne92to3ve01.jpg,1518040306
55,,,,https://www.reddit.com/r/batty/comments/7pjdow/when_you_win_an_argument_but_you_hear_the_other/,https://i.redd.it/6cmqib4thb901.jpg,7pjdow,data/bats/images/6cmqib4thb901.jpg,1515623674
