,Unnamed: 0.3,Unnamed: 0.2,Unnamed: 0.1,Unnamed: 0,full_link,image_link,id,local_path,created_utc
0,0.0,0.0,0.0,0.0,https://www.reddit.com/r/PetMice/comments/x5vc52/my_male_fancy_mice_ive_seen_his_been/,https://i.redd.it/zj1z2myj7wl91.jpg,x5vc52,data/mice/images/zj1z2myj7wl91.jpg,1662319415
1,1.0,1.0,1.0,2.0,https://www.reddit.com/r/PetMice/comments/wpe8ei/caught_bramble_doing_a_snug_with_one_of_the_new/,https://i.redd.it/mqf6i2nwnyh91.jpg,wpe8ei,data/mice/images/mqf6i2nwnyh91.jpg,1660605733
2,2.0,2.0,2.0,4.0,https://www.reddit.com/r/PetMice/comments/wgbk0i/my_gorgeous_girl/,https://i.redd.it/kllgospkcrf91.jpg,wgbk0i,data/mice/images/kllgospkcrf91.jpg,1659645480
3,3.0,3.0,3.0,5.0,https://www.reddit.com/r/PetMice/comments/wfdkdb/my_tiny_friend/,https://i.redd.it/ohf2cbf4gjf91.jpg,wfdkdb,data/mice/images/ohf2cbf4gjf91.jpg,1659549957
4,4.0,4.0,4.0,6.0,https://www.reddit.com/r/PetMice/comments/wda6o6/is_it_normal_for_mice_to_sometimes_sleep_out_in/,https://i.redd.it/m5mpwg0jp1f91.jpg,wda6o6,data/mice/images/m5mpwg0jp1f91.jpg,1659335055
5,5.0,5.0,5.0,7.0,https://www.reddit.com/r/PetMice/comments/w4njb2/how_much_should_i_be_trying_to_handle_my_girls_i/,https://i.redd.it/gze9y8rspyc91.jpg,w4njb2,data/mice/images/gze9y8rspyc91.jpg,1658427129
6,6.0,6.0,6.0,8.0,https://www.reddit.com/r/PetMice/comments/w3q8nv/bramble_is_struggling_since_the_loss_of_her/,https://i.redd.it/q6x2eeg7zqc91.jpg,w3q8nv,data/mice/images/q6x2eeg7zqc91.jpg,1658333440
7,7.0,7.0,7.0,9.0,https://www.reddit.com/r/PetMice/comments/vzzwu6/i_havent_gotten_him_yet_rate_my_setup_for_a_buck/,https://i.redd.it/ik4u4a6cxsb91.jpg,vzzwu6,data/mice/images/k4u4a6cxsb91.jpg,1657921176
8,8.0,8.0,8.0,10.0,https://www.reddit.com/r/PetMice/comments/vzbwyt/stella/,https://i.redd.it/8k4te2x8dob91.jpg,vzbwyt,data/mice/images/8k4te2x8dob91.jpg,1657847992
9,9.0,9.0,9.0,11.0,https://www.reddit.com/r/PetMice/comments/vyo13r/thinking_of_runaway/,https://i.redd.it/4vxr7x13ygb91.jpg,vyo13r,data/mice/images/4vxr7x13ygb91.jpg,1657776285
10,10.0,10.0,10.0,12.0,https://www.reddit.com/r/PetMice/comments/vvfe7s/my_nugget_marshall_three_week_old_deer_mouse_i/,https://i.redd.it/m6pm16ufhoa91.jpg,vvfe7s,data/mice/images/m6pm16ufhoa91.jpg,1657413553
11,11.0,11.0,11.0,14.0,https://www.reddit.com/r/PetMice/comments/vleepz/caught_her_in_the_tunnel/,https://i.redd.it/3d5elnvp51891.jpg,vleepz,data/mice/images/3d5elnvp51891.jpg,1656277463
12,12.0,12.0,12.0,15.0,https://www.reddit.com/r/PetMice/comments/vk2tpz/i_keep_rats_took_my_first_step_in_keeping_mice/,https://i.redd.it/zua8hklqyn791.jpg,vk2tpz,data/mice/images/zua8hklqyn791.jpg,1656117721
13,13.0,13.0,13.0,17.0,https://www.reddit.com/r/PetMice/comments/vdp6f0/found_a_picture_of_one_of_my_first_mice_taken_on/,https://i.redd.it/z1zt01ql90691.jpg,vdp6f0,data/mice/images/z1zt01ql90691.jpg,1655394960
14,14.0,14.0,14.0,18.0,https://www.reddit.com/r/PetMice/comments/v68smp/week_3_with_young_finland_after_offering_him/,https://i.redd.it/d1tp8dtxc1491.jpg,v68smp,data/mice/images/1tp8dtxc1491.jpg,1654536495
15,15.0,15.0,15.0,19.0,https://www.reddit.com/r/PetMice/comments/v5ppo7/should_i_get_this_baby_a_friend_more_in_comments/,https://i.redd.it/3wgmchz93w391.jpg,v5ppo7,data/mice/images/3wgmchz93w391.jpg,1654472709
16,16.0,16.0,16.0,20.0,https://www.reddit.com/r/PetMice/comments/v4bc9v/0/,https://i.redd.it/7yz089ealh391.jpg,v4bc9v,data/mice/images/7yz089ealh391.jpg,1654297162
17,17.0,17.0,17.0,21.0,https://www.reddit.com/r/PetMice/comments/v43n3g/i_knew_this_would_happen_but_it_still_breaks_my/,https://i.redd.it/s60cw5herf391.jpg,v43n3g,data/mice/images/60cw5herf391.jpg,1654275006
18,18.0,18.0,18.0,22.0,https://www.reddit.com/r/PetMice/comments/uway32/photo_of_my_bunny_looking_like_a_mouse/,https://i.redd.it/13qipzfmna191.jpg,uway32,data/mice/images/13qipzfmna191.jpg,1653341504
19,19.0,19.0,19.0,23.0,https://www.reddit.com/r/PetMice/comments/uqw24g/good_morning/,https://i.redd.it/lm0xm8slbuz81.jpg,uqw24g,data/mice/images/lm0xm8slbuz81.jpg,1652707904
20,20.0,20.0,20.0,24.0,https://www.reddit.com/r/PetMice/comments/umlcen/goodbye_chespin/,https://i.redd.it/wlwy6d833oy81.jpg,umlcen,data/mice/images/wlwy6d833oy81.jpg,1652196550
21,21.0,21.0,21.0,25.0,https://www.reddit.com/r/PetMice/comments/ultgpq/new_fur_baby/,https://i.redd.it/awjlhf4evgy81.jpg,ultgpq,data/mice/images/awjlhf4evgy81.jpg,1652109214
22,22.0,22.0,22.0,26.0,https://www.reddit.com/r/PetMice/comments/ujsa47/i_bought_two_mice_yesterday_is_the_orange_and/,https://i.redd.it/7ylnqhdv1wx81.jpg,ujsa47,data/mice/images/7ylnqhdv1wx81.jpg,1651857152
23,23.0,23.0,23.0,27.0,https://www.reddit.com/r/PetMice/comments/ui7kg9/this_post_is_for_vernon_who_is_the_only_mouse_to/,https://i.redd.it/bkbse8tcwgx81.jpg,ui7kg9,data/mice/images/bkbse8tcwgx81.jpg,1651673691
24,24.0,24.0,24.0,28.0,https://www.reddit.com/r/PetMice/comments/ufnr3r/help_my_new_little_girl_is_getting_seriously/,https://i.redd.it/3ubv6sc8crw81.jpg,ufnr3r,data/mice/images/3ubv6sc8crw81.jpg,1651364253
25,25.0,25.0,25.0,29.0,https://www.reddit.com/r/PetMice/comments/ua65ae/because_some_people_only_want_to_come_here_for/,https://i.redd.it/gu3aclnbcav81.jpg,ua65ae,data/mice/images/gu3aclnbcav81.jpg,1650722655
26,26.0,26.0,26.0,31.0,https://www.reddit.com/r/PetMice/comments/u525xx/celia_passed_away_today_after_battling_cancer_for/,https://i.redd.it/5fzoln0o9xt81.jpg,u525xx,data/mice/images/5fzoln0o9xt81.jpg,1650128612
27,27.0,27.0,27.0,32.0,https://www.reddit.com/r/PetMice/comments/u0j5hy/does_anyone_else_keep_asfs_as_pets/,https://i.redd.it/ysf356pssps81.jpg,u0j5hy,data/mice/images/ysf356pssps81.jpg,1649602215
28,28.0,28.0,28.0,34.0,https://www.reddit.com/r/PetMice/comments/tosw7s/so_cute_with_her_little_tail_curled_up_like_that/,https://i.redd.it/bpljpi1dyqp81.jpg,tosw7s,data/mice/images/bpljpi1dyqp81.jpg,1648308651
29,29.0,29.0,29.0,35.0,https://www.reddit.com/r/PetMice/comments/tlcfj4/this_is_how_i_caught_almond_sleeping_in_his_new/,https://i.redd.it/y59lcg9qy6p81.jpg,tlcfj4,data/mice/images/y59lcg9qy6p81.jpg,1648066635
30,30.0,30.0,30.0,38.0,https://www.reddit.com/r/PetMice/comments/thugaj/yeah_hi_my_name_is_lillica_and_i_like_to_push/,https://i.redd.it/db95bsdf6co81.jpg,thugaj,data/mice/images/b95bsdf6co81.jpg,1647693909
31,31.0,31.0,31.0,39.0,https://www.reddit.com/r/PetMice/comments/teopra/are_theykissing/,https://i.redd.it/bk7ihc8urjn81.jpg,teopra,data/mice/images/bk7ihc8urjn81.jpg,1647350011
32,32.0,32.0,32.0,40.0,https://www.reddit.com/r/PetMice/comments/tbv22q/its_gonna_be_wild_baby_season_soon_please_feel/,https://i.redd.it/py2yd2dpgsm81.jpg,tbv22q,data/mice/images/y2yd2dpgsm81.jpg,1647019380
33,33.0,33.0,33.0,41.0,https://www.reddit.com/r/PetMice/comments/t5iq0d/tbt_when_morello_had_babies/,https://i.redd.it/x35b66v9f3l81.jpg,t5iq0d,data/mice/images/x35b66v9f3l81.jpg,1646280380
34,34.0,34.0,34.0,42.0,https://www.reddit.com/r/PetMice/comments/t28dpn/pet_mouse_grooming/,https://i.redd.it/k61isihl39k81.jpg,t28dpn,data/mice/images/k61isihl39k81.jpg,1645913249
35,35.0,35.0,35.0,44.0,https://www.reddit.com/r/PetMice/comments/svidx8/im_99_sure_my_neutered_male_is_trying_to_play/,https://i.redd.it/bkxy6ujbjli81.jpg,svidx8,data/mice/images/bkxy6ujbjli81.jpg,1645192121
36,36.0,36.0,36.0,45.0,https://www.reddit.com/r/PetMice/comments/st19lp/meet_lenny_named_after_of_mice_and_men/,https://i.redd.it/dy47t262kzh81.jpg,st19lp,data/mice/images/y47t262kzh81.jpg,1644926017
37,37.0,37.0,37.0,47.0,https://www.reddit.com/r/PetMice/comments/sqy2ph/i_found_an_old_photo_of_mozzarella_and_milkyway/,https://i.redd.it/tm7altji5gh81.jpg,sqy2ph,data/mice/images/m7altji5gh81.jpg,1644691094
38,38.0,38.0,38.0,48.0,https://www.reddit.com/r/PetMice/comments/sqrg4r/dr_jekkyl_is_enjoying_a_delicious_snack_screen_is/,https://i.redd.it/3gpr4zy1leh81.jpg,sqrg4r,data/mice/images/3gpr4zy1leh81.jpg,1644672106
39,39.0,39.0,39.0,49.0,https://www.reddit.com/r/PetMice/comments/sqoesq/our_sweet_little_dream_passed_away_last_night/,https://i.redd.it/e6oswxrendh81.jpg,sqoesq,data/mice/images/6oswxrendh81.jpg,1644660792
40,40.0,40.0,40.0,,https://www.reddit.com/r/PetMice/comments/sp711i/one_of_5_little_babies_just_opened_their_eyes/,https://i.redd.it/2fsisq40g0h81.jpg,sp711i,data/mice/images/2fsisq40g0h81.jpg,1644500914
41,41.0,41.0,43.0,,https://www.reddit.com/r/PetMice/comments/s9194q/ekko_tried_a_dried_banana_today_and_loved_it_he/,https://i.redd.it/5kucrgyhqyc81.jpg,s9194q,data/mice/images/5kucrgyhqyc81.jpg,1642736835
42,42.0,42.0,44.0,,https://www.reddit.com/r/PetMice/comments/s0xblf/meet_peppa_my_sweet_boy_3/,https://i.redd.it/apgmnn6xxxa81.jpg,s0xblf,data/mice/images/apgmnn6xxxa81.jpg,1641855692
43,43.0,43.0,45.0,,https://www.reddit.com/r/PetMice/comments/rv2wqc/fly_high_little_one/,https://i.redd.it/4o6s34bhgh981.jpg,rv2wqc,data/mice/images/4o6s34bhgh981.jpg,1641220106
44,44.0,44.0,46.0,,https://www.reddit.com/r/PetMice/comments/rtoo7v/happy_new_year_everyone_says_my_boy_p/,https://i.redd.it/csksiszz84981.jpg,rtoo7v,data/mice/images/csksiszz84981.jpg,1641060217
45,45.0,45.0,47.0,,https://www.reddit.com/r/PetMice/comments/rq3jgp/tiny_feets_and_ears/,https://i.redd.it/po8sp9euw6881.jpg,rq3jgp,data/mice/images/o8sp9euw6881.jpg,1640656584
46,46.0,46.0,48.0,,https://www.reddit.com/r/PetMice/comments/rmdne3/two_cuties/,https://i.redd.it/pd519ntii5781.jpg,rmdne3,data/mice/images/519ntii5781.jpg,1640203870
47,47.0,47.0,50.0,,https://www.reddit.com/r/PetMice/comments/rijhul/mouse_wound/,https://i.redd.it/w98gtnync4681.jpg,rijhul,data/mice/images/w98gtnync4681.jpg,1639753888
48,48.0,48.0,51.0,,https://www.reddit.com/r/PetMice/comments/riimgi/whats_up_with_this_mousey_she_drinks_eats_plays/,https://i.redd.it/a9kl5by754681.jpg,riimgi,data/mice/images/a9kl5by754681.jpg,1639751385
49,49.0,49.0,52.0,,https://www.reddit.com/r/PetMice/comments/rdh2hw/she_wont_stay_still_to_take_a_photo/,https://i.redd.it/cen4h0z6tr481.jpg,rdh2hw,data/mice/images/cen4h0z6tr481.jpg,1639166208
50,50.0,50.0,54.0,,https://www.reddit.com/r/PetMice/comments/qng1mj/another_photo_of_max_on_my_shoulder/,https://i.redd.it/cu09mrh2atx71.jpg,qng1mj,data/mice/images/cu09mrh2atx71.jpg,1636133055
51,51.0,51.0,55.0,,https://www.reddit.com/r/PetMice/comments/qlulio/how_do_you_get_your_mice_to_take_their_meds/,https://i.redd.it/col3s9pevdx71.jpg,qlulio,data/mice/images/col3s9pevdx71.jpg,1635946522
52,52.0,52.0,56.0,,https://www.reddit.com/r/PetMice/comments/qbc3ok/found_this_great_photo_of_my_late_mouse_vic_3/,https://i.redd.it/ml46dt43yeu71.jpg,qbc3ok,data/mice/images/ml46dt43yeu71.jpg,1634651983
53,53.0,53.0,57.0,,https://www.reddit.com/r/PetMice/comments/qa2nxm/moose/,https://i.redd.it/wvktzapkj1u71.jpg,qa2nxm,data/mice/images/wvktzapkj1u71.jpg,1634489733
54,54.0,54.0,60.0,,https://www.reddit.com/r/PetMice/comments/q7175v/managed_to_get_a_good_enough_pic_of_them_staying/,https://i.redd.it/ics3h7akl4t71.jpg,q7175v,data/mice/images/cs3h7akl4t71.jpg,1634090857
55,55.0,55.0,61.0,,https://www.reddit.com/r/PetMice/comments/q5w4bw/2_weeks_old_sisters/,https://i.redd.it/jgjqf04lrts71.jpg,q5w4bw,data/mice/images/jgjqf04lrts71.jpg,1633959712
56,56.0,56.0,62.0,,https://www.reddit.com/r/PetMice/comments/q4vucn/check_out_my_mouse_isnt_she_cute/,https://i.redd.it/fu3t0kcl6is71.jpg,q4vucn,data/mice/images/fu3t0kcl6is71.jpg,1633819484
57,57.0,57.0,63.0,,https://www.reddit.com/r/PetMice/comments/q3zmxh/saying_hello/,https://i.redd.it/iedhttxxr8s71.jpg,q3zmxh,data/mice/images/xxr8s71.jpg,1633705612
58,58.0,58.0,65.0,,https://www.reddit.com/r/PetMice/comments/pt0axb/when_you_both_want_water/,https://i.redd.it/km1h89aekzo71.jpg,pt0axb,data/mice/images/km1h89aekzo71.jpg,1632286538
59,59.0,59.0,68.0,,https://www.reddit.com/r/PetMice/comments/phxj3l/goth_queen_chewing_up_my_leather/,https://i.redd.it/75d2xqz5bjl71.jpg,phxj3l,data/mice/images/75d2xqz5bjl71.jpg,1630782180
60,60.0,60.0,69.0,,https://www.reddit.com/r/PetMice/comments/pat5c7/all_this_btch_do_is_eat_she_fat_as_hell_lmao_how/,https://i.redd.it/6chx189rmcj71.jpg,pat5c7,data/mice/images/6chx189rmcj71.jpg,1629829634
61,61.0,61.0,70.0,,https://www.reddit.com/r/PetMice/comments/padl81/we_had_to_put_my_sweet_girl_juniper_down_on/,https://i.redd.it/umec2hkgm7j71.jpg,padl81,data/mice/images/umec2hkgm7j71.jpg,1629768998
62,62.0,62.0,72.0,,https://www.reddit.com/r/PetMice/comments/olruim/i_just_love_him_so_much_hes_the_sweetest_little/,https://i.redd.it/ygaa535dknb71.jpg,olruim,data/mice/images/ygaa535dknb71.jpg,1626475220
63,63.0,63.0,73.0,,https://www.reddit.com/r/PetMice/comments/ojkq49/mlem/,https://i.redd.it/okm9l39ko0b71.jpg,ojkq49,data/mice/images/okm9l39ko0b71.jpg,1626198172
64,64.0,64.0,74.0,,https://www.reddit.com/r/PetMice/comments/oi5qv9/sunday_sister_snuggles/,https://i.redd.it/4rr2tqo9jla71.jpg,oi5qv9,data/mice/images/4rr2tqo9jla71.jpg,1626014787
65,65.0,65.0,75.0,,https://www.reddit.com/r/PetMice/comments/ohbaqg/mr_minsk_enjoying_wheel_time_but_stopping_for_a/,https://i.redd.it/f7l6n0db4ba71.jpg,ohbaqg,data/mice/images/f7l6n0db4ba71.jpg,1625888693
66,66.0,66.0,77.0,,https://www.reddit.com/r/PetMice/comments/obd4ze/so_sleepy/,https://i.redd.it/y7y0ujz4si871.jpg,obd4ze,data/mice/images/y7y0ujz4si871.jpg,1625109755
67,67.0,67.0,78.0,,https://www.reddit.com/r/PetMice/comments/o8i9qs/curious_lil_ones/,https://i.redd.it/btjpzdhv4o771.jpg,o8i9qs,data/mice/images/btjpzdhv4o771.jpg,1624738760
68,68.0,68.0,79.0,,https://www.reddit.com/r/PetMice/comments/o2hgd0/my_2yr_old_girl_nutmeg_has_died_today_me_and_her/,https://i.redd.it/a1s7vl1ily571.jpg,o2hgd0,data/mice/images/a1s7vl1ily571.jpg,1623993688
69,69.0,69.0,80.0,,https://www.reddit.com/r/PetMice/comments/nsws7a/comfy_sleepy_time/,https://i.redd.it/v0g51teohg371.jpg,nsws7a,data/mice/images/v0g51teohg371.jpg,1622902869
70,70.0,70.0,81.0,,https://www.reddit.com/r/PetMice/comments/nqw2ua/he_made_his_nest_out_in_the_open_my_heart_cannot/,https://i.redd.it/nnt6iqx81x271.jpg,nqw2ua,data/mice/images/nnt6iqx81x271.jpg,1622667226
71,71.0,71.0,82.0,,https://www.reddit.com/r/PetMice/comments/nfsv1e/miss_dandelion_just_chillin_on_the_swing_sorry/,https://i.redd.it/jdav3621izz61.jpg,nfsv1e,data/mice/images/jdav3621izz61.jpg,1621389539
72,72.0,72.0,83.0,,https://www.reddit.com/r/PetMice/comments/ne7wpa/penelope_just_taking_a_nap/,https://i.redd.it/w5r9pzdxbmz61.jpg,ne7wpa,data/mice/images/w5r9pzdxbmz61.jpg,1621230099
73,73.0,73.0,84.0,,https://www.reddit.com/r/PetMice/comments/nd8bz2/little_ones/,https://i.redd.it/3b6kmo8olcz61.jpg,nd8bz2,data/mice/images/3b6kmo8olcz61.jpg,1621112320
74,74.0,74.0,85.0,,https://www.reddit.com/r/PetMice/comments/n919yd/this_little_girl_or_possibly_guy_was_in_my_room/,https://i.redd.it/0onfie35t9y61.jpg,n919yd,data/mice/images/0onfie35t9y61.jpg,1620642655
75,75.0,75.0,87.0,,https://www.reddit.com/r/PetMice/comments/n4fd7l/new_trio_they_will_be_the_first_3_of_possibly_a/,https://i.redd.it/1761p6jp01x61.jpg,n4fd7l,data/mice/images/1761p6jp01x61.jpg,1620100384
76,76.0,76.0,89.0,,https://www.reddit.com/r/PetMice/comments/mx3mgu/sleepy_little_ones/,https://i.redd.it/1a283zz0azu61.jpg,mx3mgu,data/mice/images/1a283zz0azu61.jpg,1619207644
77,77.0,78.0,,,https://www.reddit.com/r/PetMice/comments/mlsc2l/update_on_fighting_female_mice_my_favorite_mouse/,https://i.redd.it/axx3a38tynr61.jpg,mlsc2l,data/mice/images/axx3a38tynr61.jpg,1617763117
78,78.0,79.0,,,https://www.reddit.com/r/PetMice/comments/mksqdl/his_little_tongue/,https://i.redd.it/51r47t25per61.jpg,mksqdl,data/mice/images/51r47t25per61.jpg,1617650904
79,79.0,80.0,,,https://www.reddit.com/r/PetMice/comments/mk8rx5/babies_exploring/,https://i.redd.it/v1lsuvgl39r61.jpg,mk8rx5,data/mice/images/v1lsuvgl39r61.jpg,1617583163
80,80.0,81.0,,,https://www.reddit.com/r/PetMice/comments/mi9plv/odin_says_hi/,https://i.redd.it/m5a4g874vnq61.jpg,mi9plv,data/mice/images/m5a4g874vnq61.jpg,1617326039
81,81.0,83.0,,,https://www.reddit.com/r/PetMice/comments/mgklc2/so_cute/,https://i.redd.it/nwlnwyvw47q61.jpg,mgklc2,data/mice/images/nwlnwyvw47q61.jpg,1617123512
82,82.0,84.0,,,https://www.reddit.com/r/PetMice/comments/m2f9dm/harvest_mouse_girl/,https://i.redd.it/jh2t9rdr3bm61.jpg,m2f9dm,data/mice/images/jh2t9rdr3bm61.jpg,1615428170
83,83.0,85.0,,,https://www.reddit.com/r/PetMice/comments/m2aig1/i_recently_posted_about_a_problem_mouse_i_have/,https://i.redd.it/b5ooj0glz9m61.jpg,m2aig1,data/mice/images/b5ooj0glz9m61.jpg,1615414644
84,84.0,86.0,,,https://www.reddit.com/r/PetMice/comments/m1kkg5/emmy_says_hello/,https://i.redd.it/ugnhmtlxg3m61.jpg,m1kkg5,data/mice/images/ugnhmtlxg3m61.jpg,1615335725
85,85.0,88.0,,,https://www.reddit.com/r/PetMice/comments/lx2rus/little_dude_mid_scratch/,https://i.redd.it/kccv04mnbvk61.jpg,lx2rus,data/mice/images/kccv04mnbvk61.jpg,1614801247
86,86.0,89.0,,,https://www.reddit.com/r/PetMice/comments/lwm1ho/my_fianc√©_interrupted_her_nap_in_the_covers_she/,https://i.redd.it/35u1rqzczqk61.jpg,lwm1ho,data/mice/images/35u1rqzczqk61.jpg,1614748687
87,87.0,90.0,,,https://www.reddit.com/r/PetMice/comments/lqy7dk/oh_hello/,https://i.redd.it/qhs5bm8wlbj61.jpg,lqy7dk,data/mice/images/qhs5bm8wlbj61.jpg,1614126715
88,88.0,92.0,,,https://www.reddit.com/r/PetMice/comments/lomab4/help_sick_mouse_my_posy_is_almost_a_year_old_ive/,https://i.redd.it/1bly03enlqi61.jpg,lomab4,data/mice/images/1bly03enlqi61.jpg,1613872378
89,89.0,93.0,,,https://www.reddit.com/r/PetMice/comments/ljhm0j/goose_crawls_into_my_hand_by_herself_now/,https://i.redd.it/2hqjyx9vidh61.jpg,ljhm0j,data/mice/images/2hqjyx9vidh61.jpg,1613278205
90,90.0,95.0,,,https://www.reddit.com/r/PetMice/comments/l8h88z/found_this_little_guy_with_a_broken_leg_at_a/,https://i.redd.it/d95v5uuaife61.jpg,l8h88z,data/mice/images/95v5uuaife61.jpg,1611994685
91,91.0,97.0,,,https://www.reddit.com/r/PetMice/comments/l3j3ev/my_new_boy_jerma_jr_junior_for_short_hes_just_six/,https://i.redd.it/snntpm3405d61.jpg,l3j3ev,data/mice/images/nntpm3405d61.jpg,1611431650
92,92.0,98.0,,,https://www.reddit.com/r/PetMice/comments/kn9e6s/how_to_hold_a_mouse_firmly_for_treatment_we_need/,https://i.redd.it/90nkgo76qd861.jpg,kn9e6s,data/mice/images/90nkgo76qd861.jpg,1609358030
93,93.0,99.0,,,https://www.reddit.com/r/PetMice/comments/kl9vob/truffle_has_been_spending_the_holidays_with_the/,https://i.redd.it/gz51lk9s8s761.jpg,kl9vob,data/mice/images/gz51lk9s8s761.jpg,1609097937
94,94.0,102.0,,,https://www.reddit.com/r/PetMice/comments/k8w37o/cute_lil_biscuit_on_her_lil_chair/,https://i.redd.it/ju1zf6q8qv361.jpg,k8w37o,data/mice/images/ju1zf6q8qv361.jpg,1607396736
95,95.0,103.0,,,https://www.reddit.com/r/PetMice/comments/k6g6ra/little_rosie_loves_posing_for_a_picture/,https://i.redd.it/6dkl0ppxf4361.jpg,k6g6ra,data/mice/images/6dkl0ppxf4361.jpg,1607066388
96,96.0,104.0,,,https://www.reddit.com/r/PetMice/comments/k3c9u3/cashew/,https://i.redd.it/7bb3ujdvh7261.jpg,k3c9u3,data/mice/images/7bb3ujdvh7261.jpg,1606667507
97,97.0,105.0,,,https://www.reddit.com/r/PetMice/comments/k288a7/first_time_she_was_still_for_a_photo_lol/,https://i.redd.it/y856lqn47u161.jpg,k288a7,data/mice/images/y856lqn47u161.jpg,1606506505
98,98.0,106.0,,,https://www.reddit.com/r/PetMice/comments/jxlqj1/where_did_my_treats_go/,https://i.redd.it/ih36ufjc0d061.jpg,jxlqj1,data/mice/images/36ufjc0d061.jpg,1605862559
99,99.0,107.0,,,https://www.reddit.com/r/PetMice/comments/jw97xx/happy_2nd_birthday_to_my_little_mimi_d/,https://i.redd.it/i9c76g8ffxz51.jpg,jw97xx,data/mice/images/9c76g8ffxz51.jpg,1605673919
100,100.0,109.0,,,https://www.reddit.com/r/PetMice/comments/jtmf3m/she_acts_innocent_until_she_poops_on_your_hand/,https://i.redd.it/bfhopzrm62z51.jpg,jtmf3m,data/mice/images/bfhopzrm62z51.jpg,1605295711
101,101.0,111.0,,,https://www.reddit.com/r/PetMice/comments/jqwab9/pregnant_mouse_confusion_shes_pregnant_but_her/,https://i.redd.it/1bfe5hb2e7y51.jpg,jqwab9,data/mice/images/1bfe5hb2e7y51.jpg,1604922836
102,102.0,112.0,,,https://www.reddit.com/r/PetMice/comments/jmcs1d/spooky_neo/,https://i.redd.it/eqpuk2umtpw51.jpg,jmcs1d,data/mice/images/qpuk2umtpw51.jpg,1604274299
103,103.0,113.0,,,https://www.reddit.com/r/PetMice/comments/jl08tr/he_has_so_many_little_hidey_holes_to_sleep_on_but/,https://i.redd.it/6is45es3g9w51.jpg,jl08tr,data/mice/images/6is45es3g9w51.jpg,1604076041
104,104.0,115.0,,,https://www.reddit.com/r/PetMice/comments/j2qrho/any_home_remedies_to_mice_with_respiratory/,https://i.redd.it/3n55kdlrmbq51.jpg,j2qrho,data/mice/images/3n55kdlrmbq51.jpg,1601487404
105,105.0,117.0,,,https://www.reddit.com/r/PetMice/comments/iswh30/this_is_theodore_teddy_for_short_i_need_some_help/,https://i.redd.it/ov01srri37n51.jpg,iswh30,data/mice/images/ov01srri37n51.jpg,1600124962
106,106.0,118.0,,,https://www.reddit.com/r/PetMice/comments/ipv439/sweet_jasmine_being_adorable/,https://i.redd.it/xu638dujj8m51.jpg,ipv439,data/mice/images/xu638dujj8m51.jpg,1599706611
107,107.0,120.0,,,https://www.reddit.com/r/PetMice/comments/il2ok8/please_share_you_diy_mice_habitats/,https://i.redd.it/xw7via29yok51.jpg,il2ok8,data/mice/images/xw7via29yok51.jpg,1599033574
108,108.0,121.0,,,https://www.reddit.com/r/PetMice/comments/ij8f4b/any_ideas_regarding_the_variety_of_my_mouse_thanks/,https://i.redd.it/a5dwxpsj63k51.jpg,ij8f4b,data/mice/images/a5dwxpsj63k51.jpg,1598770022
109,111.0,,,,https://www.reddit.com/r/PetMice/comments/iaslq9/shes_just_the_cutest/,https://i.redd.it/kkm3588ucdh51.jpg,iaslq9,data/mice/images/kkm3588ucdh51.jpg,1597585652
110,113.0,,,,https://www.reddit.com/r/PetMice/comments/i4wa5r/lost_my_little_edison_last_night_she_had_a_good/,https://i.redd.it/gz6pzuty4ff51.jpg,i4wa5r,data/mice/images/gz6pzuty4ff51.jpg,1596735518
111,114.0,,,,https://www.reddit.com/r/PetMice/comments/hykj0e/blanche_and_dorothy_enjoying_their_double_decker/,https://i.redd.it/c06rj8bchbd51.jpg,hykj0e,data/mice/images/c06rj8bchbd51.jpg,1595819569
112,115.0,,,,https://www.reddit.com/r/PetMice/comments/hvb6nt/i_didnt_want_to_keep_him_as_a_pet_but_hes_just/,https://i.redd.it/fi3vuz0tr8c51.jpg,hvb6nt,data/mice/images/fi3vuz0tr8c51.jpg,1595350906
113,116.0,,,,https://www.reddit.com/r/PetMice/comments/hu5ry6/we_tired_tomatoes_and_mushrooms_today_side_note/,https://i.redd.it/umeo6szl1vb51.jpg,hu5ry6,data/mice/images/umeo6szl1vb51.jpg,1595184710
114,117.0,,,,https://www.reddit.com/r/PetMice/comments/holwlc/brin_its_either_in_or_out_watcha_doing/,https://i.redd.it/jaqr8k2n00a51.jpg,holwlc,data/mice/images/jaqr8k2n00a51.jpg,1594373220
115,118.0,,,,https://www.reddit.com/r/PetMice/comments/hfnnl8/let_me_introduce_you_to_kurtbucky_just_picked/,https://i.redd.it/2tikkvzcn2751.jpg,hfnnl8,data/mice/images/2tikkvzcn2751.jpg,1593097530
116,119.0,,,,https://www.reddit.com/r/PetMice/comments/he3aky/oh_my_sweet_baby_boy_its_been_one_week_since_you/,https://i.redd.it/4y5aqq0xpj651.jpg,he3aky,data/mice/images/4y5aqq0xpj651.jpg,1592868358
117,120.0,,,,https://www.reddit.com/r/PetMice/comments/hdt9ip/two_sisters_ophelia_and_titania/,https://i.redd.it/0o0svf0a1h651.jpg,hdt9ip,data/mice/images/0o0svf0a1h651.jpg,1592835860
118,121.0,,,,https://www.reddit.com/r/PetMice/comments/hajq87/theyre_ten_days_old_today_there_are_eleven_and/,https://i.redd.it/regr1wprae551.jpg,hajq87,data/mice/images/gr1wprae551.jpg,1592366883
119,122.0,,,,https://www.reddit.com/r/PetMice/comments/h9oime/my_sweet_baby_crossed_the_rainbow_bridge_last/,https://i.redd.it/g6jrgmpwy4551.jpg,h9oime,data/mice/images/g6jrgmpwy4551.jpg,1592253930
120,123.0,,,,https://www.reddit.com/r/PetMice/comments/h8owpj/beware/,https://i.redd.it/57448gt1pt451.jpg,h8owpj,data/mice/images/57448gt1pt451.jpg,1592117439
121,124.0,,,,https://www.reddit.com/r/PetMice/comments/h8105r/my_baby_stark_passed_away_earlier_today_i_wasnt/,https://i.redd.it/ud9gb4qw0m451.jpg,h8105r,data/mice/images/ud9gb4qw0m451.jpg,1592024572
122,125.0,,,,https://www.reddit.com/r/PetMice/comments/h0srbb/there_was_peanut_butter_on_my_hand/,https://i.redd.it/hxbcs6x2u7451.jpg,h0srbb,data/mice/images/xbcs6x2u7451.jpg,1591852780
123,126.0,,,,https://www.reddit.com/r/PetMice/comments/gzmy1s/this_is_my_girl_snowy_i_love_her_she_looks_like_a/,https://i.redd.it/shup8hubxv351.jpg,gzmy1s,data/mice/images/up8hubxv351.jpg,1591708589
124,127.0,,,,https://www.reddit.com/r/PetMice/comments/gzaka3/almond_photoshoot/,https://i.redd.it/itw9irukpr351.jpg,gzaka3,data/mice/images/w9irukpr351.jpg,1591657556
125,128.0,,,,https://www.reddit.com/r/PetMice/comments/gw5avg/exploring_his_new_playpen/,https://i.redd.it/59f0vso14s251.jpg,gw5avg,data/mice/images/59f0vso14s251.jpg,1591226573
126,129.0,,,,https://www.reddit.com/r/PetMice/comments/gutgh5/chicken_nuggets/,https://i.redd.it/yhoi8enn9d251.jpg,gutgh5,data/mice/images/yhoi8enn9d251.jpg,1591046856
127,130.0,,,,https://www.reddit.com/r/PetMice/comments/guapyw/overdue_pet_tax_meet_bonzai/,https://i.redd.it/4m2wj20f47251.jpg,guapyw,data/mice/images/4m2wj20f47251.jpg,1590972474
128,132.0,,,,https://www.reddit.com/r/PetMice/comments/gsvu0j/neal_wanted_to_wish_everyone_a_happy_friday/,https://i.redd.it/iehx6s8oaq151.jpg,gsvu0j,data/mice/images/x6s8oaq151.jpg,1590768739
129,133.0,,,,https://www.reddit.com/r/PetMice/comments/gqhwqr/_/,https://i.redd.it/w3kxvumpty051.jpg,gqhwqr,data/mice/images/w3kxvumpty051.jpg,1590436149
130,134.0,,,,https://www.reddit.com/r/PetMice/comments/gn1hw8/valkyrie_and_hela_cuddling/,https://i.redd.it/8fwds3y0ktz41.jpg,gn1hw8,data/mice/images/8fwds3y0ktz41.jpg,1589936510
131,135.0,,,,https://www.reddit.com/r/PetMice/comments/gmpfcu/velma_is_on_the_rainbow_bridge_3/,https://i.redd.it/55v9qt77dqz41.jpg,gmpfcu,data/mice/images/55v9qt77dqz41.jpg,1589897893
132,136.0,,,,https://www.reddit.com/r/PetMice/comments/glw54o/_/,https://i.redd.it/chn6az7mwgz41.jpg,glw54o,data/mice/images/chn6az7mwgz41.jpg,1589783354
133,137.0,,,,https://www.reddit.com/r/PetMice/comments/gj58p7/rip_little_clem_youre_gone_too_soon_ill_miss_your/,https://i.redd.it/zjwfnk0sxky41.jpg,gj58p7,data/mice/images/zjwfnk0sxky41.jpg,1589396334
134,138.0,,,,https://www.reddit.com/r/PetMice/comments/gf2mgp/finally_decided_on_a_name_for_the_new_baby/,https://i.redd.it/gnz1unjuyax41.jpg,gf2mgp,data/mice/images/gnz1unjuyax41.jpg,1588839768
135,139.0,,,,https://www.reddit.com/r/PetMice/comments/gdyfyy/technically_not_a_pet_mouse_but_a_close_relative/,https://i.redd.it/p7vpxue3fyw41.jpg,gdyfyy,data/mice/images/7vpxue3fyw41.jpg,1588687925
136,140.0,,,,https://www.reddit.com/r/PetMice/comments/g4pn10/hi_im_the_new_entry_of_the_house_shes_not_named/,https://i.redd.it/hvvk46e2yxt41.jpg,g4pn10,data/mice/images/vvk46e2yxt41.jpg,1587374576
137,141.0,,,,https://www.reddit.com/r/PetMice/comments/g3oiph/wild_baby_mouse_need_help/,https://i.redd.it/q3067xkg8lt41.jpg,g3oiph,data/mice/images/q3067xkg8lt41.jpg,1587220737
138,142.0,,,,https://www.reddit.com/r/PetMice/comments/fttxye/acclimating_the_new_babies/,https://i.redd.it/3y0vbbl3tgq41.jpg,fttxye,data/mice/images/3y0vbbl3tgq41.jpg,1585859540
139,143.0,,,,https://www.reddit.com/r/PetMice/comments/fsmrob/my_old_boy_lounging_on_his_water_spout/,https://i.redd.it/ds0r5mez23q41.jpg,fsmrob,data/mice/images/0r5mez23q41.jpg,1585693368
140,144.0,,,,https://www.reddit.com/r/PetMice/comments/frlpej/this_is_milo_he_is_the_most_wholesome_creature_on/,https://i.redd.it/asvo9rh48rp41.jpg,frlpej,data/mice/images/asvo9rh48rp41.jpg,1585549812
141,145.0,,,,https://www.reddit.com/r/PetMice/comments/fqddqf/smile/,https://i.redd.it/ja81brridcp41.jpg,fqddqf,data/mice/images/ja81brridcp41.jpg,1585370026
142,146.0,,,,https://www.reddit.com/r/PetMice/comments/fjmu8z/caci_trying_to_escape_again_unsuccessfully/,https://i.redd.it/r8kw6ksm02n41.jpg,fjmu8z,data/mice/images/8kw6ksm02n41.jpg,1584372927
143,147.0,,,,https://www.reddit.com/r/PetMice/comments/fj7iqa/chocolate_the_mouse/,https://i.redd.it/98ldw59k7wm41.jpg,fj7iqa,data/mice/images/98ldw59k7wm41.jpg,1584302615
144,148.0,,,,https://www.reddit.com/r/PetMice/comments/ffo4mn/pip_in_a_cup/,https://i.redd.it/8ama1ywcbkl41.jpg,ffo4mn,data/mice/images/8ama1ywcbkl41.jpg,1583722759
145,150.0,,,,https://www.reddit.com/r/PetMice/comments/f9fsnc/also_wanted_to_show_my_other_beauty_shes_so_cute/,https://i.redd.it/n3532ggwh4j41.jpg,f9fsnc,data/mice/images/n3532ggwh4j41.jpg,1582659554
146,151.0,,,,https://www.reddit.com/r/PetMice/comments/f9fq54/love_her_the_sweetest_out_of_the_two_females_for/,https://i.redd.it/qyq5t395h4j41.jpg,f9fq54,data/mice/images/qyq5t395h4j41.jpg,1582659301
147,152.0,,,,https://www.reddit.com/r/PetMice/comments/f7e67y/my_little_buddy_lentil/,https://i.redd.it/84nqsw4q7bi41.jpg,f7e67y,data/mice/images/84nqsw4q7bi41.jpg,1582305032
148,153.0,,,,https://www.reddit.com/r/PetMice/comments/ewhc98/handsome_boi_sleeps_in_the_tunnel_he_his_siblings/,https://i.redd.it/qhn859zp01e41.jpg,ewhc98,data/mice/images/qhn859zp01e41.jpg,1580438217
149,154.0,,,,https://www.reddit.com/r/PetMice/comments/ew9cqx/my_two_mice_sitting_in_their_coconut/,https://i.redd.it/aij2wlmdfyd41.jpg,ew9cqx,data/mice/images/aij2wlmdfyd41.jpg,1580406824
150,155.0,,,,https://www.reddit.com/r/PetMice/comments/etv5sj/sorry_for_the_blurry_picture_but_didnt_want_to/,https://i.redd.it/yduit6a56zc41.jpg,etv5sj,data/mice/images/yduit6a56zc41.jpg,1579979980
151,157.0,,,,https://www.reddit.com/r/PetMice/comments/ebhkby/meet_my_mice/,https://i.redd.it/gefo80y6y0541.jpg,ebhkby,data/mice/images/gefo80y6y0541.jpg,1576514748
152,158.0,,,,https://www.reddit.com/r/PetMice/comments/eakxpa/my_little_chonker_primrose/,https://i.redd.it/n8bzlg9k9m441.jpg,eakxpa,data/mice/images/n8bzlg9k9m441.jpg,1576336955
153,159.0,,,,https://www.reddit.com/r/PetMice/comments/e9qahu/cream_pink_eyed_cream/,https://i.redd.it/1qxkwjpxh8441.jpg,e9qahu,data/mice/images/1qxkwjpxh8441.jpg,1576170275
154,160.0,,,,https://www.reddit.com/r/PetMice/comments/e9q85q/coal_black_self/,https://i.redd.it/yu1gvi74h8441.jpg,e9q85q,data/mice/images/yu1gvi74h8441.jpg,1576169999
155,,,,,https://www.reddit.com/r/PetMice/comments/e7mxr8/does_anyone_know_more_about_this_ive_been/,https://i.redd.it/hzod9guo7b341.jpg,e7mxr8,data/mice/images/zod9guo7b341.jpg,1575767299
156,,,,,https://www.reddit.com/r/PetMice/comments/e6ma8a/cuddle_puddle_please_note_goosies_lil_leggy/,https://i.redd.it/o4fnfeymav241.jpg,e6ma8a,data/mice/images/o4fnfeymav241.jpg,1575574580
157,,,,,https://www.reddit.com/r/PetMice/comments/e56kmy/choco_short_for_chocolate/,https://i.redd.it/8swxotygoa241.jpg,e56kmy,data/mice/images/8swxotygoa241.jpg,1575324991
158,,,,,https://www.reddit.com/r/PetMice/comments/e44lbd/i_have_ventured_back_into_the_world_of_mice_this/,https://i.redd.it/9q85v4vvfw141.jpg,e44lbd,data/mice/images/9q85v4vvfw141.jpg,1575152604
159,,,,,https://www.reddit.com/r/PetMice/comments/e43yjl/this_is_my_other_mouse_that_i_got_today_im/,https://i.redd.it/0zd4grj88w141.jpg,e43yjl,data/mice/images/0zd4grj88w141.jpg,1575150034
160,,,,,https://www.reddit.com/r/PetMice/comments/dwzl57/fledermaus_with_babymaus/,https://i.redd.it/6wny03p71yy31.jpg,dwzl57,data/mice/images/6wny03p71yy31.jpg,1573864342
161,,,,,https://www.reddit.com/r/PetMice/comments/dw0if9/rip_bonnie_the_first_mouse_i_ever_held_and_ever/,https://i.redd.it/h05iwdj5hjy31.jpg,dw0if9,data/mice/images/05iwdj5hjy31.jpg,1573688097
162,,,,,https://www.reddit.com/r/PetMice/comments/dv6v8p/at_the_vets_getting_his_lump_checked_such_a_brave/,https://i.redd.it/qwlvhqgzn7y31.jpg,dv6v8p,data/mice/images/qwlvhqgzn7y31.jpg,1573545111
163,,,,,https://www.reddit.com/r/PetMice/comments/du2msf/rescued_them_from_a_feeder_bin_they_seem_to/,https://i.redd.it/8ao176u3jqx31.jpg,du2msf,data/mice/images/8ao176u3jqx31.jpg,1573337655
164,,,,,https://www.reddit.com/r/PetMice/comments/dq8bcf/hope_everyone_had_a_good_halloween/,https://i.redd.it/d8002cxpc4w31.jpg,dq8bcf,data/mice/images/8002cxpc4w31.jpg,1572633306
165,,,,,https://www.reddit.com/r/PetMice/comments/dp75tw/cuties_enjoying_their_duplex/,https://i.redd.it/9ofkhgleqov31.jpg,dp75tw,data/mice/images/9ofkhgleqov31.jpg,1572444200
166,,,,,https://www.reddit.com/r/PetMice/comments/dkjx4z/not_the_greatest_photo_but_finally_managed_to_get/,https://i.redd.it/ydg06ay0cpt31.jpg,dkjx4z,data/mice/images/ydg06ay0cpt31.jpg,1571579776
167,,,,,https://www.reddit.com/r/PetMice/comments/ddv571/i_love_him_so_much/,https://i.redd.it/l4fia7sr3tq31.jpg,ddv571,data/mice/images/l4fia7sr3tq31.jpg,1570317881
168,,,,,https://www.reddit.com/r/PetMice/comments/ddfxmy/cuddle_bugs/,https://i.redd.it/i1ikp1vg7mq31.jpg,ddfxmy,data/mice/images/1ikp1vg7mq31.jpg,1570234376
169,,,,,https://www.reddit.com/r/PetMice/comments/dcyppl/hanging_toy_came_in/,https://i.redd.it/et61736voeq31.jpg,dcyppl,data/mice/images/61736voeq31.jpg,1570143393
170,,,,,https://www.reddit.com/r/PetMice/comments/db2w40/the_little_things_like_this_make_me_so/,https://i.redd.it/od0xrpm39mp31.jpg,db2w40,data/mice/images/od0xrpm39mp31.jpg,1569799080
171,,,,,https://www.reddit.com/r/PetMice/comments/d9j9a5/skip_got_a_sister_today_pip_im_officially_a_mice/,https://i.redd.it/kc2trvaarxo31.jpg,d9j9a5,data/mice/images/kc2trvaarxo31.jpg,1569502523
172,,,,,https://www.reddit.com/r/PetMice/comments/d7pq55/the_only_non_blurry_pic_i_got_of_dolly_today/,https://i.redd.it/j65v55n625o31.jpg,d7pq55,data/mice/images/j65v55n625o31.jpg,1569155086
173,,,,,https://www.reddit.com/r/PetMice/comments/d6u4ie/my_son_meece_hangin_out_in_a_basket_today/,https://i.redd.it/2os8eogzrqn31.jpg,d6u4ie,data/mice/images/2os8eogzrqn31.jpg,1568982160
174,,,,,https://www.reddit.com/r/PetMice/comments/d6tfqa/got_my_babies_a_plush_bedroom_and_after_a_couple/,https://i.redd.it/g1tqui5sgqn31.jpg,d6tfqa,data/mice/images/g1tqui5sgqn31.jpg,1568978398
175,,,,,https://www.reddit.com/r/PetMice/comments/d6bnt6/cornelius_daughter_is_just_as_much_of_a_little/,https://i.redd.it/wsctrpewtin31.jpg,d6bnt6,data/mice/images/wsctrpewtin31.jpg,1568885948
176,,,,,https://www.reddit.com/r/PetMice/comments/d51ixh/somehow_lil_chonks_babies_can_hold_up_momma_chonk/,https://i.redd.it/vfxptrd6wym31.jpg,d51ixh,data/mice/images/vfxptrd6wym31.jpg,1568644579
177,,,,,https://www.reddit.com/r/PetMice/comments/d365wc/ordered_my_girls_a_new_house_and_twinkle_seems_to/,https://i.redd.it/7apus75695m31.jpg,d365wc,data/mice/images/7apus75695m31.jpg,1568285745
178,,,,,https://www.reddit.com/r/PetMice/comments/d12rxm/two_of_my_3_girls_being_cuddly_lpeanut_and_rkimchi/,https://i.redd.it/lv57t27r19l31.jpg,d12rxm,data/mice/images/lv57t27r19l31.jpg,1567895824
179,,,,,https://www.reddit.com/r/PetMice/comments/d0lpix/came_upstairs_to_see_twinkle_like_this/,https://i.redd.it/bl4atcoe41l31.jpg,d0lpix,data/mice/images/bl4atcoe41l31.jpg,1567799861
180,,,,,https://www.reddit.com/r/PetMice/comments/cynjw4/sharing_the_zooms/,https://i.redd.it/a8v2eez8x5k31.jpg,cynjw4,data/mice/images/a8v2eez8x5k31.jpg,1567422142
181,,,,,https://www.reddit.com/r/PetMice/comments/cvtfuj/need_some_name_ideas_i_use_to_have_many_many_mice/,https://i.redd.it/hm47ebw9pui31.jpg,cvtfuj,data/mice/images/m47ebw9pui31.jpg,1566850505
182,,,,,https://www.reddit.com/r/PetMice/comments/cvmnic/cornelius_fudge_is_now_a_dad_to_eleven_little/,https://i.redd.it/sbrm9aid1si31.jpg,cvmnic,data/mice/images/brm9aid1si31.jpg,1566818183
183,,,,,https://www.reddit.com/r/PetMice/comments/ctfnqr/my_girls_amaryllis_black_with_white_belly/,https://i.redd.it/7kca41pmhsh31.jpg,ctfnqr,data/mice/images/7kca41pmhsh31.jpg,1566387804
184,,,,,https://www.reddit.com/r/PetMice/comments/cpdne4/party_in_the_wood_house/,https://i.redd.it/ghx5dlhaa1g31.jpg,cpdne4,data/mice/images/ghx5dlhaa1g31.jpg,1565622604
185,,,,,https://www.reddit.com/r/PetMice/comments/cotlq4/pocket_mouse/,https://i.redd.it/r4zm4recnrf31.jpg,cotlq4,data/mice/images/4zm4recnrf31.jpg,1565505923
186,,,,,https://www.reddit.com/r/PetMice/comments/cmjyjl/cornelius_fudge_would_like_a_boop_too/,https://i.redd.it/yar1qre6cqe31.jpg,cmjyjl,data/mice/images/yar1qre6cqe31.jpg,1565054215
187,,,,,https://www.reddit.com/r/PetMice/comments/cmanm9/shes_just_looking_at_me/,https://i.redd.it/4rdi4xmcome31.jpg,cmanm9,data/mice/images/4rdi4xmcome31.jpg,1565009877
188,,,,,https://www.reddit.com/r/PetMice/comments/clfgl6/upvote_to_boop_gwens_nose/,https://i.redd.it/7pste8eqc6e31.jpg,clfgl6,data/mice/images/7pste8eqc6e31.jpg,1564812269
189,,,,,https://www.reddit.com/r/PetMice/comments/c4khlf/my_mumma_has_just_given_birth_im_wondering_how/,https://i.redd.it/ghit75b2s9631.jpg,c4khlf,data/mice/images/ghit75b2s9631.jpg,1561366959
190,,,,,https://www.reddit.com/r/PetMice/comments/c3u1t0/mouse_uses_phone_and_takes_a_selfie_upside_down/,https://i.redd.it/h1fgr5q4ry531.jpg,c3u1t0,data/mice/images/1fgr5q4ry531.jpg,1561233463
191,,,,,https://www.reddit.com/r/PetMice/comments/c0acyg/rubys_tail_please_help_me_figure_out_what_it_is/,https://i.redd.it/95k98cnuf6431.jpg,c0acyg,data/mice/images/95k98cnuf6431.jpg,1560454828
192,,,,,https://www.reddit.com/r/PetMice/comments/byqlc5/nearly_gave_me_a_heart_attack_she_saw_sleeping_so/,https://i.redd.it/yxcf52g40f331.jpg,byqlc5,data/mice/images/yxcf52g40f331.jpg,1560122652
193,,,,,https://www.reddit.com/r/PetMice/comments/btfrq9/karma_says_hi/,https://i.redd.it/fll3w9qlln031.jpg,btfrq9,data/mice/images/fll3w9qlln031.jpg,1558919194
194,,,,,https://www.reddit.com/r/PetMice/comments/bsbcpn/please_look_at_mozzarella_eating_his_egg_piece/,https://i.redd.it/zdvw72z0i2031.jpg,bsbcpn,data/mice/images/zdvw72z0i2031.jpg,1558663740
195,,,,,https://www.reddit.com/r/PetMice/comments/brcb94/coal_having_her_photo_taken_with_connor_the/,https://i.redd.it/fccnad4s9lz21.jpg,brcb94,data/mice/images/fccnad4s9lz21.jpg,1558455149
196,,,,,https://www.reddit.com/r/PetMice/comments/bqgs7q/my_sweet_little_mistletoe_enjoying_a_lazy_day/,https://i.redd.it/h0bytlck36z21.jpg,bqgs7q,data/mice/images/0bytlck36z21.jpg,1558271455
197,,,,,https://www.reddit.com/r/PetMice/comments/bpx0e3/mom_and_runt_of_the_liter_napping/,https://i.redd.it/yd3r8j2pauy21.jpg,bpx0e3,data/mice/images/yd3r8j2pauy21.jpg,1558128571
198,,,,,https://www.reddit.com/r/PetMice/comments/bod3ix/can_anyone_help_sex_my_mouse/,https://i.redd.it/kozm7i06b3y21.jpg,bod3ix,data/mice/images/kozm7i06b3y21.jpg,1557801844
199,,,,,https://www.reddit.com/r/PetMice/comments/bo5pxk/my_precious_mousie_i_rescued_him_after_a/,https://i.redd.it/657fm5ct90y21.jpg,bo5pxk,data/mice/images/657fm5ct90y21.jpg,1557765068
200,,,,,https://www.reddit.com/r/PetMice/comments/bk245a/pepper/,https://i.redd.it/1fiv0w7h2wv21.jpg,bk245a,data/mice/images/1fiv0w7h2wv21.jpg,1556842484
201,,,,,https://www.reddit.com/r/PetMice/comments/bh69mw/cat_dog_happy/,https://i.redd.it/btfm9xsghdu21.jpg,bh69mw,data/mice/images/btfm9xsghdu21.jpg,1556181665
202,,,,,https://www.reddit.com/r/PetMice/comments/bfcqui/is_this_mouse_fat_or_does_she_just_have_a_stomach/,https://i.redd.it/qaiccffxift21.jpg,bfcqui,data/mice/images/qaiccffxift21.jpg,1555770495
203,,,,,https://www.reddit.com/r/PetMice/comments/bbgo3r/2_females_they_were_not_lol_got_10_babies_to_care/,https://i.redd.it/3basmfkkjcr21.jpg,bbgo3r,data/mice/images/3basmfkkjcr21.jpg,1554862695
204,,,,,https://www.reddit.com/r/PetMice/comments/b8xhbj/buck_or_doe/,https://i.redd.it/031mg34zo1q21.jpg,b8xhbj,data/mice/images/031mg34zo1q21.jpg,1554295489
